-- --------------------------------------------------------
-- Host:                         127.0.0.1
-- Versión del servidor:         10.2.18-MariaDB - openSUSE package
-- SO del servidor:              Linux
-- HeidiSQL Versión:             9.5.0.5196
-- --------------------------------------------------------

/*!40101 SET @OLD_CHARACTER_SET_CLIENT=@@CHARACTER_SET_CLIENT */;
/*!40101 SET NAMES utf8 */;
/*!50503 SET NAMES utf8mb4 */;
/*!40014 SET @OLD_FOREIGN_KEY_CHECKS=@@FOREIGN_KEY_CHECKS, FOREIGN_KEY_CHECKS=0 */;
/*!40101 SET @OLD_SQL_MODE=@@SQL_MODE, SQL_MODE='NO_AUTO_VALUE_ON_ZERO' */;


-- Volcando estructura de base de datos para yucatan
CREATE DATABASE IF NOT EXISTS `yucatan` /*!40100 DEFAULT CHARACTER SET utf8 */;
USE `yucatan`;

-- Volcando estructura para tabla yucatan.afecta_presupuesto
CREATE TABLE IF NOT EXISTS `afecta_presupuesto` (
  `id` int(11) DEFAULT NULL,
  `solicitud` varchar(12) DEFAULT NULL,
  `presupuesto` varchar(10) DEFAULT NULL,
  `status_sia` varchar(4) DEFAULT NULL,
  `monto _financiar` double DEFAULT NULL,
  `fecha_registro` date DEFAULT NULL,
  `status_valido` varchar(3) DEFAULT NULL
) ENGINE=InnoDB DEFAULT CHARSET=utf8mb4 COMMENT='contiene las soliitudes que afectan al presupuesto';

-- Volcando datos para la tabla yucatan.afecta_presupuesto: ~0 rows (aproximadamente)
DELETE FROM `afecta_presupuesto`;
/*!40000 ALTER TABLE `afecta_presupuesto` DISABLE KEYS */;
/*!40000 ALTER TABLE `afecta_presupuesto` ENABLE KEYS */;

-- Volcando estructura para tabla yucatan.colocadas_sia
CREATE TABLE IF NOT EXISTS `colocadas_sia` (
  `id_colocada` int(11) NOT NULL AUTO_INCREMENT,
  `solicitud` varchar(12) NOT NULL,
  `fecha_registro` date DEFAULT NULL,
  `subprograma` varchar(4) DEFAULT NULL,
  `id_estatus` varchar(4) DEFAULT NULL,
  `rpu` varchar(12) DEFAULT NULL,
  `nombre` varchar(150) DEFAULT NULL,
  `colonia` varchar(100) DEFAULT NULL,
  `direccion` varchar(100) DEFAULT NULL,
  `id_proveedor` varchar(20) DEFAULT NULL,
  PRIMARY KEY (`id_colocada`),
  UNIQUE KEY `solicitud` (`solicitud`),
  KEY `FK_colocadas_sia_status_sia` (`id_estatus`),
  CONSTRAINT `FK_colocadas_sia_status_sia` FOREIGN KEY (`id_estatus`) REFERENCES `status_sia` (`id_status`)
) ENGINE=InnoDB AUTO_INCREMENT=292 DEFAULT CHARSET=utf8mb4 COMMENT='contiene las solicitudes capturadas en el dia a dia en el sistema SIA';

-- Volcando datos para la tabla yucatan.colocadas_sia: ~291 rows (aproximadamente)
DELETE FROM `colocadas_sia`;
/*!40000 ALTER TABLE `colocadas_sia` DISABLE KEYS */;
INSERT INTO `colocadas_sia` (`id_colocada`, `solicitud`, `fecha_registro`, `subprograma`, `id_estatus`, `rpu`, `nombre`, `colonia`, `direccion`, `id_proveedor`) VALUES
	(1, 'CM000001-1', '2018-09-19', 'AA', 'RAT', '789040605668', 'DE LA CRUZ RIVERO LORENA', 'COLONIAL CAMPECHE     F', 'M XV111 LTE 1 AV R ESPINOLA B', 'cosyscm10105'),
	(2, 'CM000001-2', '2018-09-19', 'RF', 'RAT', '789040605668', 'DE LA CRUZ RIVERO LORENA', 'COLONIAL CAMPECHE     F', 'M XV111 LTE 1 AV R ESPINOLA B', 'cosyscm10105'),
	(3, 'CM000002-1', '2018-09-24', 'RF', 'RAT', '789980400843', 'VAZQUEZ ZETINA JULIO A', 'BARRIO LA ERMITA      F', '102 41 COST VIA 33 Y 10', 'muqucm10102'),
	(4, 'CM000002-2', '2018-09-25', 'RF', 'RAT', '789980400843', 'VAZQUEZ ZETINA JULIO A', 'BARRIO LA ERMITA      F', '102 41 COST VIA 33 Y 10', 'muqucm10102'),
	(5, 'CM000003-1', '2018-09-24', 'RF', 'SVT', '789000561102', 'SERGIO ARTEAGA RAMOS', 'FRACC. VALLE DEL SOL  F', 'VEMUS M.9 L.3 V DEL SOL', 'muqucm10102'),
	(6, 'QR000001-1', '2018-09-18', 'AA', 'REC', '782930402794', 'AGUIRRE Y PAREJA ROSALINDA', 'REGION 93             F', 'REG93 M69 CAMPANA20 SN AN', 'CC017'),
	(7, 'QR000001-2', '2018-09-18', 'RF', 'REC', '782930402794', 'AGUIRRE Y PAREJA ROSALINDA', 'REGION 93             F', 'REG93 M69 CAMPANA20 SN AN', 'CC017'),
	(8, 'QR000002-1', '2018-09-18', 'AA', 'REC', '783141105749', 'CANCHE PUC MARIO ALBERTO', 'REGION 107            F', 'SM107 MZ24 LT 13 CASA 27 . CP.', 'columcc00118'),
	(9, 'QR000002-2', '2018-09-18', 'RF', 'REC', '783141105749', 'CANCHE PUC MARIO ALBERTO', 'REGION 107            F', 'SM107 MZ24 LT 13 CASA 27 . CP.', 'columcc00118'),
	(10, 'QR000003-1', '2018-09-18', 'AA', 'SVT', '783941000562', 'LEONARDA COUOH OCH', 'REGION 96             F', 'REG96 M14 L1', 'columcc00118'),
	(11, 'QR000004-1', '2018-09-18', 'AA', 'SVT', '783091102859', 'PEREZ BARAHONA JOSE MANUEL', 'REGION 107            F', 'SM107 M24 L13 CASA 28', 'columcc00118'),
	(12, 'QR000005-1', '2018-09-19', 'RF', 'REC', '781071208879', 'INMOBILIARIA TUSAL.S.A. DE C.V', 'SM248 PONIENTE        F', 'SM248 M54 C-34 4TA P. LA CEIBA', 'telebocc00218'),
	(13, 'QR000006-2', '2018-09-24', 'RF', 'SVT', '783020901076', 'CONSORCIO ING. INTEGRAL SA', 'REGION 200            F', 'REG 200 MZ 050 CASA 1558-B', 'columcc00118'),
	(14, 'QR000006-1', '2018-09-24', 'AA', 'SVT', '783020901076', 'CONSORCIO ING. INTEGRAL SA', 'REGION 200            F', 'REG 200 MZ 050 CASA 1558-B', 'columcc00118'),
	(15, 'QR000007-1', '2018-09-24', 'RF', 'SVT', '782850600668', 'VICTOR MANUEL CANCHE DZUL', 'SUPERMANZANA 91       F', 'REG91 M85 L137', 'columcc00118'),
	(16, 'QR000008-1', '2018-09-24', 'RF', 'SVT', '781050902872', 'PECH CAMARA MARIA ERNESTINA', 'REGION 231            F', 'REG231 M1 L6 C2', 'columcc00118'),
	(17, 'QR000009-1', '2018-09-26', 'RF', 'SVT', '780990103149', 'JOSE JUAN CRUZ MAR', 'REGION 236            F', 'REG236 M19 L6', 'columcc00118'),
	(18, 'QR000010-1', '2018-09-26', 'RF', 'REC', '782010703415', 'RUBIO FERNANDEZ JUAN CARLOS', 'REGION 200            F', 'REG 200 MZ 115 LT 1659 B', 'telebocc00218'),
	(19, 'QR000011-1', '2018-09-26', 'RF', 'LSC', '783080700851', 'MIGUEL DE LA CRUZ ELISEO ROBER', 'SM529 GALAXIAS ITZALESF', 'SM529 M26 L1 C247 C IXBALAMQUE', 'columcc00118'),
	(20, 'QR000012-1', '2018-09-27', 'RF', 'SVT', '782070904223', 'VERONICA TEJEDA HERRERA', 'REGION 222            F', 'SM 222 MZ 2 LT 2 CASA 26', 'columcc00118'),
	(21, 'QR000013-1', '2018-09-27', 'RF', 'SVT', '783130110465', 'CHAN MATOS SANTOS I', 'SM259 VILLAS OTOCH PARF', 'SM259 MZ112 LT32 CASA34 PA . .', 'columcc00118'),
	(22, 'YU000001-1', '2018-09-13', 'AA', 'RAT', '770051200667', 'MENDEZ FIERRES CONCEPCION', 'EMILIANO ZAPATA NTE.  F', '32 335 27 29 E ZAP NTE', 'hociame00418'),
	(23, 'YU000001-4', '2018-09-13', 'AA', 'SVT', '770051200667', 'MENDEZ FIERRES CONCEPCION', 'EMILIANO ZAPATA NTE.  F', '32 335 27 29 E ZAP NTE', 'hociame00418'),
	(24, 'YU000001-3', '2018-09-13', 'AA', 'RAT', '770051200667', 'MENDEZ FIERRES CONCEPCION', 'EMILIANO ZAPATA NTE.  F', '32 335 27 29 E ZAP NTE', 'hociame00418'),
	(25, 'YU000001-2', '2018-09-13', 'AA', 'RAT', '770051200667', 'MENDEZ FIERRES CONCEPCION', 'EMILIANO ZAPATA NTE.  F', '32 335 27 29 E ZAP NTE', 'hociame00418'),
	(26, 'YU000002-1', '2018-09-26', 'RF', 'SVT', '776110500431', 'HERRERA PONA ARTURO HUMBERTO', 'LOS COCOS DE CAUCEL   F', '69 772A 96 98 LOS COCOS . CP.9', 'elmame00118'),
	(27, 'YU000003-1', '2018-09-28', 'RF', 'SVT', '774020203183', 'TZEC HERRERA CESAR RENE', 'JUAN PABLO (S)        F', '27 385 28 28A G NAVARRO J P II', 'elmame00118'),
	(28, 'CM000002-3', '2018-10-16', 'RF', 'LSC', '789980400843', 'VAZQUEZ ZETINA JULIO A', 'BARRIO LA ERMITA      F', '102 41 COST VIA 33 Y 10', 'muqucm10102'),
	(29, 'CM000004-2', '2018-10-04', 'RF', 'LSC', '789110801401', 'TUCUCH HUICAB JOSUE FERNANDO', 'FRACC. QUINTA HERMOSA F', 'GRAL PORF DIAZ MZ 19 LT 13 .-', 'muqucm10102'),
	(30, 'CM000004-1', '2018-10-03', 'RF', 'RAT', '789110801401', 'TUCUCH HUICAB JOSUE FERNANDO', 'FRACC. QUINTA HERMOSA F', 'GRAL PORF DIAZ MZ 19 LT 13 .-', 'muqucm10102'),
	(31, 'CM000005-1', '2018-10-08', 'RF', 'SVT', '789900700841', 'UC ALMEIDA MA DEL CARMEN', 'FOVISSTE BELEM        F', 'PALMAS 58 PTA ALTA BELEN', 'muqucm10102'),
	(32, 'CM000006-1', '2018-10-08', 'RF', 'SVT', '789961202488', 'GLEZ CORDERO CONCEPCION', 'SAN CAYETANO          F', 'SAN CAYETANO MZ 6 LT 7', 'comucm10104'),
	(33, 'CM000007-1', '2018-10-11', 'RF', 'SVT', '789801100930', 'APOLINARIA L MEX DE HUITZ', 'COL. SAN JOAQUIN      F', '15 SEPT 34 X 10 MAYO', 'comucm10104'),
	(34, 'CM000008-1', '2018-10-15', 'RF', 'LSC', '789150200591', 'REINA POLANCO SOLEDAD DEL ROSA', 'FRACC. TACUBAYA       F', 'NARCISO MZA-28 LOTE-14 . CP.00', 'muqucm10102'),
	(35, 'CM000009-1', '2018-10-16', 'RF', 'LSC', '789080703841', 'MARTIN FRANCO ADDA JAQUELINE', 'SOLIDARIDAD URBANA    F', 'AND NOHACAL MZ 44 LT 4 SOL URB', 'muqucm10102'),
	(36, 'CM000010-1', '2018-10-16', 'RF', 'PPO', '789060302335', 'CHI UC ROSA MARIA', 'COL. REVOLUCION       F', 'SAN JULIAN NO 12 ENT 23 Y 25', 'muqucm10102'),
	(37, 'CM000010-2', '2018-10-16', 'RF', 'RAT', '789060302335', 'CHI UC ROSA MARIA', 'COL. REVOLUCION       F', 'SAN JULIAN NO 12 ENT 23 Y 25', 'muqucm10102'),
	(38, 'CM000011-1', '2018-10-16', 'RF', 'LSC', '789981108241', 'ORTEGON REYNA JOSE R', 'FRACC. TACUBAYA       F', 'N BUENA SN X NARCIZO JARD', 'muqucm10102'),
	(39, 'CM000012-1', '2018-10-18', 'RF', 'PPO', '789970400110', 'ANTONIO PINON ARTEMIO', 'SAN JOSE              F', 'P MORENO 99 DEPTO 1', 'muqucm10102'),
	(40, 'CM000013-1', '2018-10-18', 'RF', 'INE', '789980709186', 'CONSTANTINO T AFRICA A', 'COL. DELICIAS         F', 'M GORDILLO 1A M ALEGRE', 'muqucm10102'),
	(41, 'CM000014-1', '2018-10-24', 'RF', 'PPO', '789140500421', 'MEX GASCA BEATRIZ ADRIANA', 'COL. CUMBRES          F', 'C CUSPIDE MZ-8 LT 25', 'comucm10104'),
	(42, 'CM000015-1', '2018-10-25', 'AA', 'PPO', '789061106351', 'PEREZ DORANTES MARIA CANDELARI', 'FRAC. LOS LAURELES    F', 'LAURELES MZ 9 LT 9 CP.00000', 'comucm10104'),
	(43, 'CM000016-1', '2018-10-25', 'RF', 'PIN', '789971004382', 'TEC MUT DANIELA', 'FRAC.PRESIDS.DE MEXICOF', 'M48 L 46 GRAL J NEPOMUCEN', 'cosyscm10105'),
	(44, 'CM000017-1', '2018-10-25', 'AA', 'PPO', '789070503703', 'SALAZAR PINA DELIA', 'XAIL                  F', 'CAOBA MZ 2 LT 6 FRACC C CP.000', 'cosyscm10105'),
	(45, 'CM000017-2', '2018-10-25', 'RF', 'PPO', '789070503703', 'SALAZAR PINA DELIA', 'XAIL                  F', 'CAOBA MZ 2 LT 6 FRACC C CP.000', 'cosyscm10105'),
	(46, 'CM000018-1', '2018-10-30', 'RF', 'PIN', '789110701465', 'PECH YERBES REINA MARIA ISABEL', 'INF. KALA             F', 'CALLE PALENQUE NO 44 . CP.0000', 'cosyscm10105'),
	(47, 'CM000019-1', '2018-10-31', 'AA', 'INE', '789930200614', 'PANTI VAZQUEZ LORENZO ANTONIO', 'COL. FATIMA           F', 'NANCE 61  AMP. ESPERANZA', 'muqucm10102'),
	(48, 'QR000014-1', '2018-10-02', 'RF', 'REC', '781960100516', 'LUIS RODRIGUEZ', 'REGION 240            F', 'REG240 M47 L27', 'telebocc00218'),
	(49, 'QR000015-1', '2018-10-02', 'RF', 'SVT', '780050805366', 'TAMAY CAUICH BENJAMIN', 'REGION 247            F', 'SM 13 MZ 11 L-2 CASA 96 1A', 'columcc00118'),
	(50, 'QR000016-1', '2018-10-02', 'RF', 'REC', '781091001502', 'LINARES VELAZQUEZ ROBERTO', 'REGION 247', 'SM248 M1 L1 CASA 5', 'columcc00118'),
	(51, 'QR000017-1', '2018-10-02', 'RF', 'SVT', '781060100413', 'PAT TUN ROSA ELENA', 'REGION 240            F', 'REG240 M19 L7', 'columcc00118'),
	(52, 'QR000018-1', '2018-10-03', 'RF', 'SVT', '782050702250', 'ALGARA CHI NOE FRANCISCO', 'REGION 201            F', 'SM 201 MZ 108 LT 4 CASA 1637B', 'columcc00118'),
	(53, 'QR000019-1', '2018-10-03', 'RF', 'REC', '783900700215', 'AURELIO HU UCAN', 'REGION 95             F', 'REG95 M9 L5 FJA', 'telebocc00218'),
	(54, 'QR000020-1', '2018-10-03', 'RF', 'SVT', '783131206580', 'TAPIA HERNANDEZ MERCEDES CRIST', 'SM259 VILLAS OTOCH PARF', 'SM259 M107 L34 CASA37 . . CP.7', 'columcc00118'),
	(55, 'QR000021-1', '2018-10-03', 'RF', 'SVT', '781060709892', 'GONZALEZ FIGUEROA MAXIMINO M', 'REGION 246            F', 'SM 246 MZ 24 LT 2 CASA 31 5A', 'columcc00118'),
	(56, 'QR000022-1', '2018-10-03', 'RF', 'REC', '783111013343', 'DZIB TUTZIN GABRIELA IMELDA', 'SM260 IN JAUS         F', 'SM260 M53 L10 CASA 19 . CP.000', 'columcc00118'),
	(57, 'QR000023-1', '2018-10-03', 'RF', 'RAT', '781070304335', 'MORENO RAMOS GABINO', 'REGION 247            F', 'SM247 M22 L2 C43 PRIV/ELLAUREL', 'telebocc00218'),
	(58, 'QR000023-2', '2018-10-05', 'RF', 'REC', '781070304335', 'MORENO RAMOS GABINO', 'REGION 247            F', 'SM247 M22 L2 C43 PRIV/ELLAUREL', 'telebocc00218'),
	(59, 'QR000024-1', '2018-10-04', 'AA', 'SVT', '782020802471', 'PALMA ESPINOSA BLANCA ELIZABET', 'REGION 200            F', 'REG 200 MZ 78 LT 1597B', 'columcc00118'),
	(60, 'QR000025-1', '2018-10-04', 'RF', 'REC', '781130600222', 'TAMAY TORRES EDUARDO', 'REGION 230            F', 'REG230 M28 L7', 'telebocc00218'),
	(61, 'QR000026-2', '2018-10-04', 'AA', 'LSC', '783130101792', 'PEREZ FORTANEL ULISES PERSEO', 'REGION 201            F', 'SM201 M43 L1 CASA 1524B .. CP.', 'columcc00118'),
	(62, 'QR000026-1', '2018-10-04', 'AA', 'RAT', '783130101792', 'PEREZ FORTANEL ULISES PERSEO', 'REGION 201            F', 'SM201 M43 L1 CASA 1524B .. CP.', 'columcc00118'),
	(63, 'QR000026-3', '2018-10-04', 'AA', 'RAT', '783130101792', 'PEREZ FORTANEL ULISES PERSEO', 'REGION 201            F', 'SM201 M43 L1 CASA 1524B .. CP.', 'columcc00118'),
	(64, 'QR000027-2', '2018-10-22', 'RF', 'LSC', '783141103801', 'ESCOBAR MARTINEZ TRANSITO', 'SM259 PASEO LAS PALMASF', 'SM259 MZ19 LT1 CASA 73 . . CP.', 'columcc00118'),
	(65, 'QR000027-1', '2018-10-05', 'RF', 'RAT', '783141103801', 'ESCOBAR MARTINEZ TRANSITO', 'SM259 PASEO LAS PALMASF', 'SM259 MZ19 LT1 CASA 73 . . CP.', 'columcc00118'),
	(66, 'QR000028-1', '2018-10-05', 'RF', 'RAT', '781040200926', 'TZAB RAMIREZ ROLANDO', 'REGION 226            F', 'REG226 MZ40 LT42', 'columcc00118'),
	(67, 'QR000029-1', '2018-10-05', 'RF', 'LSC', '783940404601', 'DZIB CEME CARMELA', 'REGION 103            F', 'REG103 M44 L16', 'columcc00118'),
	(68, 'QR000030-1', '2018-10-05', 'RF', 'REC', '781960200553', 'JUANA MA. SALAZAR POOT', 'REGION 230            F', 'REG230 M28 L12', 'telebocc00218'),
	(69, 'QR000031-1', '2018-10-05', 'RF', 'REC', '780000557752', 'AGUILAR ALFONSO', 'SUPERMANZANA 75       F', 'REG75 M30 C41 LT 21', 'telebocc00218'),
	(70, 'QR000032-1', '2018-10-05', 'RF', 'REC', '781020702216', 'NERI RABADAN IGNACIO', 'REGION 227            F', 'REG227 M123 L22', 'telebocc00218'),
	(71, 'QR000032-2', '2018-10-31', 'RF', 'REC', '781020702216', 'NERI RABADAN IGNACIO', 'REGION 227            F', 'REG227 M123 L22', 'columcc00118'),
	(72, 'QR000033-1', '2018-10-06', 'RF', 'LSC', '782120902952', 'OCEGUEDA PARRA NANCI', 'REGION 222            F', 'REG222 MZ8 LT01 . C24 CP.77517', 'columcc00118'),
	(73, 'QR000034-2', '2018-10-08', 'RF', 'SVT', '783150406701', 'POOL ALCOCER CARLOS A', 'SM260 PRADO NORTE     F', 'SM260 MZ4 LT6-01 CASA D5 . . C', 'columcc00118'),
	(74, 'QR000034-1', '2018-10-08', 'RF', 'REC', '783150406701', 'POOL ALCOCER CARLOS A', 'SM260 PRADO NORTE     F', 'SM260 MZ4 LT6-01 CASA D5 . . C', 'columcc00118'),
	(75, 'QR000035-2', '2018-10-28', 'RF', 'LSC', '781060901289', 'DOMINGUEZ FERRER NATIVIDAD', 'REGION 231            F', 'REG231 M19 L2 . CP.77500', 'columcc00118'),
	(76, 'QR000035-1', '2018-10-09', 'RF', 'LSC', '781060901289', 'DOMINGUEZ FERRER NATIVIDAD', 'REGION 231            F', 'REG231 M19 L2 . CP.77500', 'columcc00118'),
	(77, 'QR000036-1', '2018-10-09', 'RF', 'SVT', '782130401579', 'PARRA SOBERANIS PEDRO ANTONIO', 'SM248 PONIENTE        F', 'SM248 M87 L02 CASA17 EL LIMONE', 'columcc00118'),
	(78, 'QR000037-1', '2018-10-09', 'RF', 'REC', '781860700362', 'JOSE PEDRO MORENO MEJIA', 'SUPERMANZANA 91       F', 'REG91 M18 L5', 'telebocc00218'),
	(79, 'QR000038-1', '2018-10-10', 'RF', 'REC', '780060400429', 'GALLARDO MUNOZ RUBEN', 'SUPERMANZANA 74 LOM TOF', 'LOMTOL M24 L68 PRAXEDIS GUERRE', 'telebocc00218'),
	(80, 'QR000039-1', '2018-10-10', 'RF', 'REC', '782150100494', 'ALVAREZ LEYVA LEIDY YESENIA', 'SM250 VILLASDELMARPLUSF', 'SM249 M41 LT1 CASA 13 . CP.000', 'telebocc00218'),
	(81, 'QR000040-1', '2018-10-11', 'RF', 'REC', '781060802876', 'VILLAREAL IBARIAS ANTONIO', 'REGION 223            F', 'SM223 M1 L7 CASA 5', 'telebocc00218'),
	(82, 'QR000041-1', '2018-10-11', 'RF', 'INE', '783140703308', 'GARAO MARTINEZ JESUS', 'SM259 PASEO LAS PALMASF', 'SM259 M58 L3 16 CP.00000', 'telebocc00218'),
	(83, 'QR000042-2', '2018-10-11', 'RF', 'REC', '782901200112', 'MEDINA CELIA MARGARITA', 'REGION 94             F', 'REG94 MZ95 LT28', 'telebocc00218'),
	(84, 'QR000042-1', '2018-10-11', 'RF', 'REC', '782901200112', 'MEDINA CELIA MARGARITA', 'REGION 94             F', 'REG94 MZ95 LT28', 'telebocc00218'),
	(85, 'QR000043-1', '2018-10-12', 'RF', 'INE', '780031102532', 'ERIKA MOLINA RODRIGUEZ', 'REGION 224            F', 'SM224 M14 L6 CASA 3', 'telebocc00218'),
	(86, 'QR000044-1', '2018-10-12', 'RF', 'SVT', '783111105876', 'MARTINEZ GONZALEZ ROSA MARIA', 'REGION 259            F', 'SM259 MZ106 LT24 CASA 29 CP.00', 'columcc00118'),
	(87, 'QR000045-1', '2018-10-13', 'RF', 'REC', '780930400195', 'CANDELARIA ORTEGON', 'SUPERMANZANA 76       F', 'REG76 M52 C60 L26', 'telebocc00218'),
	(88, 'QR000046-1', '2018-10-13', 'AA', 'REC', '783070900411', 'CORDOVA ALEJANDRO SILVIA', 'REGION 204            F', 'REG201M4L1#1450B CARPIZO CP.00', 'telebocc00218'),
	(89, 'QR000047-1', '2018-10-15', 'RF', 'LSC', '781940200191', 'PECH BURGOS ALICIA GERTRUDIS', 'SUPERMANZANA 73       F', 'REG73 M8 L76', 'columcc00118'),
	(90, 'QR000048-1', '2018-10-16', 'RF', 'REC', '782020905776', 'SOLROJO CANTARELL ALBANIA', 'REGION 210            F', 'REG210 MZ28 LT01 N-1322A PETEN', 'columcc00118'),
	(91, 'QR000049-1', '2018-10-17', 'RF', 'REC', '783111015478', 'PACHECO HERNANDEZ ALEJANDRO', 'SM260 IN JAUS         F', 'SM260 M51 L06 CASA 33D . CP.00', 'columcc00118'),
	(92, 'QR000050-3', '2018-10-18', 'AA', 'RAT', '781100100918', 'CORDOVA PALOMERA MARIBEL', 'REGION 227            F', 'REG227 M5 L1 COL RIVIERA', 'columcc00118'),
	(93, 'QR000050-1', '2018-10-18', 'AA', 'REC', '781100100918', 'CORDOVA PALOMERA MARIBEL', 'REGION 227            F', 'REG227 M5 L1 COL RIVIERA', 'columcc00118'),
	(94, 'QR000050-5', '2018-10-18', 'AA', 'RAT', '781100100918', 'CORDOVA PALOMERA MARIBEL', 'REGION 227            F', 'REG227 M5 L1 COL RIVIERA', 'columcc00118'),
	(95, 'QR000050-4', '2018-10-18', 'RF', 'RAT', '781100100918', 'CORDOVA PALOMERA MARIBEL', 'REGION 227            F', 'REG227 M5 L1 COL RIVIERA', 'columcc00118'),
	(96, 'QR000050-2', '2018-10-18', 'RF', 'REC', '781100100918', 'CORDOVA PALOMERA MARIBEL', 'REGION 227            F', 'REG227 M5 L1 COL RIVIERA', 'columcc00118'),
	(97, 'QR000050-6', '2018-10-26', 'AA', 'REC', '781100100918', 'CORDOVA PALOMERA MARIBEL', 'REGION 227            F', 'REG227 M5 L1 COL RIVIERA', 'columcc00118'),
	(98, 'QR000051-1', '2018-10-18', 'RF', 'REC', '782010312238', 'MORENO BALAM KARLA', 'REGION 200            F', 'REG200 M104 L2 #1653B', 'columcc00118'),
	(99, 'QR000052-1', '2018-10-22', 'RF', 'REC', '783130802341', 'ZAVALA PEREZ JOSE IVAN', 'REGION 259            F', 'SM259 MZ107 LT30 C 42 P A . CP', 'columcc00118'),
	(100, 'QR000053-1', '2018-10-22', 'RF', 'IMP', '783141202469', 'RUVALCABA ORTIZ MARIA GUADALUP', 'SM259 VILLAS OTOCH PARF', 'SM259 MZ107 LT29 CASA 16 . . C', 'columcc00118'),
	(101, 'QR000054-1', '2018-10-22', 'AA', 'IMP', '782840300721', 'ISELA HILARIA ZAPATA DE D', 'SUPERMANZANA 90       F', 'REG90 M35 L26', 'columcc00118'),
	(102, 'QR000055-1', '2018-10-25', 'AA', 'LSC', '783081203380', 'JIMENEZ DOMINGUEZ YOLGUI', 'SM259 PASEO LAS PALMASF', 'SM259 MZ43 L01 CASA 37 . CP.00', 'columcc00118'),
	(103, 'QR000056-1', '2018-10-26', 'RF', 'LSC', '783130714417', 'SANCHEZ MENDOZA PATRICIA JESUS', 'REGION 107            F', 'SM107 M44 L1 EDIF C DEPTO 202', 'columcc00118'),
	(104, 'QR000057-1', '2018-10-31', 'RF', 'LSC', '783130601957', 'CHULIM CHI JOSE SILVERIO', 'SM260 IN JAUS         F', 'SM260 MZ54 LT4 CASA 27-C CIPRE', 'columcc00118'),
	(105, 'QR000058-1', '2018-10-31', 'RF', 'LSC', '783140106261', 'GUEVARA TORRES FERNANDO', 'REGION 107            F', 'SM107 MZ24 LT4 CASA 11 . CP.00', 'columcc00118'),
	(106, 'YU000004-1', '2018-10-02', 'AA', 'SVT', '773130902552', 'CASTANEDA YAMA DAVID ANTONIO', 'VILLAS DE ORIENTE 3   F', '67F 348 8 10 VILLAS OTE III .', 'elmame00118'),
	(107, 'YU000005-1', '2018-10-02', 'RF', 'SVT', '777040701031', 'PECH IUIT ARMANDO DE JESUS', 'UMAN           (UMAN) F', '15A 62A FRACC. SAN FCO.', 'elmame00118'),
	(108, 'YU000006-1', '2018-10-03', 'RF', 'SVT', '773930100390', 'VICTOR DIAZ', 'POLIG.ITZIMNA 108 CTM F', '29A 337 20 22 POL 108', 'creplme00318'),
	(109, 'YU000007-1', '2018-10-03', 'RF', 'SVT', '774000558694', 'CETZ CIME ALEJANDRO I', 'JUAN PABLO (S)        F', '45 356 18 20 J PABLO II ENCUEN', 'comeme00518'),
	(110, 'YU000008-1', '2018-10-03', 'RF', 'LSC', '774960202924', 'FERNANDO ZARATE LUIS', 'JUAN PABLO (S)        F', '22 237 5C 5D J.PABLO II', 'rosu1me00218'),
	(111, 'YU000009-1', '2018-10-05', 'RF', 'RAT', '776150202033', 'PASOS TRUJILLO LUCY IVONNE', 'FRACC VIVA CAUCEL II  F', '91A 901-2 110 112 VIVA ALEGRE', 'comeme00518'),
	(112, 'YU000010-1', '2018-10-05', 'RF', 'SVT', '776140106273', 'ORTIZ MALDONADO JUAN MIGUEL', 'LOS ALMENDROS III     F', '117A DG 769 92 94 ALMENDRO III', 'comeme00518'),
	(113, 'YU000011-1', '2018-10-05', 'RF', 'RAT', '776120503055', 'SALAZAR MARIN SIRIA ANAHI', 'FRACC VIVA CAUCEL     F', '29C 717B 86 88 VIVA CAUCEL', 'comeme00518'),
	(114, 'YU000012-1', '2018-10-05', 'RF', 'LSC', '773070703601', 'AGUILAR PEREZ PABLO ANTONIO', 'VILLAS DE ORIENTE     F', '67B 248 X4 6 VILLAS ORIENTE  .', 'rosu1me00218'),
	(115, 'YU000013-2', '2018-10-13', 'AA', 'SVT', '776140600162', 'GONZALEZ ORTEGA GERARDO HUMBER', 'VILLAS CAUCEL         F', '77C 797G INT.24 110 112 V. CAU', 'elmame00118'),
	(116, 'YU000013-1', '2018-10-06', 'AA', 'SVT', '776140600162', 'GONZALEZ ORTEGA GERARDO HUMBER', 'VILLAS CAUCEL         F', '77C 797G INT.24 110 112 V. CAU', 'elmame00118'),
	(117, 'YU000014-1', '2018-10-09', 'RF', 'SVT', '774941103109', 'RAMIRO CORTES SANCHEZ', 'JUAN PABLO (S)        F', '31 345 22 24 J.PABLO II', 'creplme00318'),
	(118, 'YU000015-1', '2018-10-09', 'AA', 'RAT', '772890100191', 'TEODOSIA ESTRELLA', 'SAN ANT Y ART XLUCH   F', '137 533 64Y66 S A XLUCH', 'elmame00118'),
	(119, 'YU000016-2', '2018-10-09', 'AA', 'RAT', '773140304939', 'GOMEZ SALAZAR MARIA ELENA', 'FRACC LOS HEROES      F', '138B 749 139 135 LOS HEROES 74', 'elmame00118'),
	(120, 'YU000016-1', '2018-10-09', 'AA', 'RAT', '773140304939', 'GOMEZ SALAZAR MARIA ELENA', 'FRACC LOS HEROES      F', '138B 749 139 135 LOS HEROES 74', 'elmame00118'),
	(121, 'YU000017-2', '2018-10-12', 'AA', 'RAT', '774960202703', 'RENE CANCHE GONZALEZ', 'JUAN PABLO (S)        F', '36 479 47A J.PABLO II', 'creplme00318'),
	(122, 'YU000017-1', '2018-10-11', 'AA', 'RAT', '774960202703', 'RENE CANCHE GONZALEZ', 'JUAN PABLO (S)        F', '36 479 47A J.PABLO II', 'creplme00318'),
	(123, 'YU000017-3', '2018-10-20', 'AA', 'PEX', '774960202703', 'RENE CANCHE GONZALEZ', 'JUAN PABLO (S)        F', '36 479 47A J.PABLO II', 'creplme00318'),
	(124, 'YU000018-1', '2018-10-11', 'RF', 'SVT', '774941003139', 'MANUEL AZNAR MENDEZ', 'JUAN PABLO (S)        F', '49A 408 20 22 JUAN P.II', 'creplme00318'),
	(125, 'YU000019-1', '2018-10-11', 'RF', 'SVT', '774940800621', 'NEMESIO OJEDA DZUL', 'JUAN PABLO (S)        F', '47A 318 12 J PABLO II', 'creplme00318'),
	(126, 'YU000020-1', '2018-10-11', 'RF', 'SVT', '774951002271', 'MARCELINO FERNANDEZ CAMAR', 'JUAN PABLO (S)        F', '22 245 5A 31 FRAC.RENACIM', 'creplme00318'),
	(127, 'YU000021-1', '2018-10-11', 'RF', 'SVT', '774041001238', 'GONGORA ALDAZ AIDA', 'JUAN PABLO (S)        F', '55A 331 12 18', 'creplme00318'),
	(128, 'YU000022-1', '2018-10-11', 'RF', 'SVT', '774950102034', 'ANGEL PANTI KU', 'JUAN PABLO (S)        F', '49A 404 20 22 JUAN PABLO', 'creplme00318'),
	(129, 'YU000023-1', '2018-10-11', 'RF', 'SVT', '774960802115', 'CESAR ALVAREZ MEX', 'JUAN PABLO (S)        F', '57 377 22 24 J PABLO II', 'creplme00318'),
	(130, 'YU000024-1', '2018-10-11', 'RF', 'SVT', '770110301189', 'MORENO RUIZ MANUEL JESUS', 'JUAN PABLO (S)        F', '57 383 22 24 J PABLO II', 'creplme00318'),
	(131, 'YU000025-1', '2018-10-11', 'RF', 'SVT', '774970300894', 'JOSE DE LA C VALLE CAAMAL', 'JUAN PABLO (S)        F', '29 344 22 24 J PABLO 11', 'creplme00318'),
	(132, 'YU000026-1', '2018-10-11', 'RF', 'SVT', '774941103451', 'LEONARDO MARTINEZ', 'JUAN PABLO (S)        F', '35 330 24 J PABLO II', 'creplme00318'),
	(133, 'YU000027-1', '2018-10-11', 'RF', 'SVT', '774960902659', 'MARIA GPE.SOSA AGUILAR', 'JUAN PABLO (S)', '55 447  24 26 J PABLO II', 'creplme00318'),
	(134, 'YU000028-1', '2018-10-11', 'RF', 'SVT', '776141103979', 'CUEVAS XICUM ERIKA', 'VILLA JARDIN (CAUCEL) F', '29A 841 DEP15 108A 110 VILLA J', 'creplme00318'),
	(135, 'YU000029-1', '2018-10-11', 'RF', 'SVT', '777000456181', 'RUBEN DARIO COELLO FLOTA', 'ACIN           (UMAN) F', '19 407 48 50 FRACC ACIM', 'creplme00318'),
	(136, 'YU000030-1', '2018-10-11', 'RF', 'SVT', '773050501000', 'EK MAY PEDRO FRANCISCO', 'VERGEL, SN ANT KAUA,F.F', '15E 195-O 8A 8B VERGEL 65', 'creplme00318'),
	(137, 'YU000031-1', '2018-10-11', 'RF', 'SVT', '770020801611', 'ALFREDO ALEJANDRO GOMEZ CANUL', 'CENTRO-SECTOR 7       F', '85 592 X 78 Y 80', 'creplme00318'),
	(138, 'YU000032-1', '2018-10-11', 'RF', 'SVT', '773931201467', 'JORGE LOPEZ CANUL', 'KANASIN.XELPAC.CUAUT.PF', '30 X 19 17 LT 65 CUAUTEMO', 'creplme00318'),
	(139, 'YU000033-1', '2018-10-11', 'RF', 'SVT', '773870400411', 'GASPAR MOTA', 'MIRAFLORES            F', '28 512 65 67 CRUZ DE G', 'creplme00318'),
	(140, 'YU000034-1', '2018-10-11', 'RF', 'SVT', '774950400493', 'RAMON CARDOZ CRUZ', 'JUAN PABLO (S)        F', '61 329 12 Y 18 JUAN P. II', 'creplme00318'),
	(141, 'YU000035-1', '2018-10-11', 'RF', 'SVT', '772150400433', 'NARVAEZ CAAMAL PEDRO AGUSTIN', 'SAN ANT Y ART XLUCH   F', '179 LT 11 94 96 SN ANT XLUCH', 'creplme00318'),
	(142, 'YU000036-1', '2018-10-11', 'RF', 'SVT', '773910501240', 'TUN NAJERA SANTOS ARNULFO', 'POLIG.ITZIMNA 108 CTM F', '29A 319 20 22 POLIGONO', 'creplme00318'),
	(143, 'YU000037-1', '2018-10-11', 'RF', 'SVT', '773970503012', 'JOSE RICARDO SONDA AGUILAR', 'FIDEL VELAZQUEZ.PACAB.F', '69 101A 32 26 FID VELAZQUEZ', 'creplme00318'),
	(144, 'YU000038-1', '2018-10-11', 'RF', 'SVT', '774950702309', 'POLANCO CATZIN FRANCISCO', 'JUAN PABLO (S)        F', '59 378 X22 24 JUAN PABLO II', 'creplme00318'),
	(145, 'YU000039-1', '2018-10-11', 'RF', 'SVT', '773131103211', 'CAMPOS AREVALOS ROCIO ELIZABET', 'FRACC LOS HEROES      F', '133 555 138 140 LOS HEROES', 'creplme00318'),
	(146, 'YU000040-1', '2018-10-11', 'RF', 'SVT', '774060502396', 'UC LINARES ELSY', 'JUAN PABLO (S)        F', '51 387 26 JP II LAS FLORES', 'creplme00318'),
	(147, 'YU000041-1', '2018-10-11', 'RF', 'SVT', '774950303927', 'IRMA ESTRADA GRANADOS', 'JUAN PABLO (S)        F', '29 301 20 22 J.PABLO II', 'creplme00318'),
	(148, 'YU000042-1', '2018-10-11', 'RF', 'SVT', '777150100555', 'GUADARRAMA HERNANDEZ SERGIO G', 'ACIN           (UMAN) F', '17D 541 50 52 CP.97390', 'creplme00318'),
	(149, 'YU000043-1', '2018-10-11', 'RF', 'SVT', '777041200868', 'MEX DZUL BUENAVENTURA', 'ACIN           (UMAN) F', '19 405 X 48A FRACC ACIM', 'creplme00318'),
	(150, 'YU000044-1', '2018-10-11', 'RF', 'SVT', '774961201298', 'MARWIN CETINA MARTINEZ', 'XOCLAN.(S)            F', '128 LT-6 73 75 PLANT MEX', 'creplme00318'),
	(151, 'YU000045-1', '2018-10-11', 'RF', 'SVT', '773970101976', 'ANTONIA PAREDES RODRIGUEZ', 'KANASIN.XELPAC.CUAUT.PF', '12C 86E 17 19 FINCA KANAS', 'creplme00318'),
	(152, 'YU000046-1', '2018-10-11', 'RF', 'SVT', '773120103066', 'ALPUCHE PECH JOSE FEDERICO', 'FRACC SANTA ANA KANASIF', '62D 481 75A LOS OLIVOS MULCHEC', 'creplme00318'),
	(153, 'YU000047-1', '2018-10-11', 'RF', 'SVT', '774951201397', 'FRANCISCO ESPINOSA ARAUJO', 'JUAN PABLO (S)        F', '25 310 20 22 J PABLO II', 'creplme00318'),
	(154, 'YU000048-1', '2018-10-11', 'RF', 'SVT', '774111002695', 'REYES GIL SUSANA', 'JUAN PABLO (S)        F', '47A 535 34 36 J P II . CP.0000', 'creplme00318'),
	(155, 'YU000049-1', '2018-10-11', 'RF', 'SVT', '770100300851', 'MARTINEZ DANIEL ROMAN ALEJANDR', 'MULSAY.NV MULS.JAR. MUF', '37 195 18 20 FRACC. MULSAY', 'creplme00318'),
	(156, 'YU000050-1', '2018-10-11', 'RF', 'SVT', '774150800558', 'BALAM MONTERO ROSA GEORGINA', 'TIXCACAL-OPICHEN      F', '77 742 48 50 TIXCACAL OPICH CP', 'creplme00318'),
	(157, 'YU000051-1', '2018-10-11', 'RF', 'SVT', '776100400217', 'LARA PINO CLAUDIA PATRICIA', 'LOS COCOS DE CAUCEL   F', '69 788 100 102 LOS COCO . CP.0', 'creplme00318'),
	(158, 'YU000052-1', '2018-10-11', 'RF', 'SVT', '773050602442', 'JORGE CARLOS CETINA GONZALEZ', 'SAN PEDRO NOHPAT.HDA TF', '65A 294 6 4 VILLAS DE OTE', 'creplme00318'),
	(159, 'YU000053-1', '2018-10-11', 'RF', 'SVT', '774071101571', 'VALDEZ TAMAYO FLORENCIO O', 'JUAN PABLO (S)        F', '34 445 45 47 JUAN PABLO II', 'creplme00318'),
	(160, 'YU000054-1', '2018-10-11', 'RF', 'SVT', '774990500920', 'RUBEN CASTILLO CAUICH', 'MULSAY.NV MULS.JAR. MUF', '35 194 18 20 FRACC MULSAY', 'creplme00318'),
	(161, 'YU000055-1', '2018-10-11', 'RF', 'SVT', '776140501679', 'PECH POOT MARIA JESUS', 'CAUCEL   (HUNUCMA)    F', '45 693D 86 88 BALCONES CAUCEL', 'creplme00318'),
	(162, 'YU000056-1', '2018-10-11', 'RF', 'SVT', '777750400323', 'CARLOS ALONSO DURAN GOMEZ', 'UMAN           (UMAN) F', '18 81A SOB LA CARR UMAN', 'creplme00318'),
	(163, 'YU000057-1', '2018-10-11', 'RF', 'SVT', '772140602950', 'NOH PECH JOSE BERNARDINO', 'EMILIANO ZAP SUR      F', '96B LT 3 169B 171 EMIL ZPA SUR', 'creplme00318'),
	(164, 'YU000058-1', '2018-10-11', 'RF', 'SVT', '774940702491', 'JOSE NUNEZ AKE', 'JUAN PABLO (S)        F', '49A 355 18 20 J PABLO II', 'creplme00318'),
	(165, 'YU000059-1', '2018-10-11', 'RF', 'SVT', '774021100574', 'RAMOS MACIAS NELY MARIA', 'JUAN PABLO (S)        F', '17B DIAG 441 34 36 J PBLO II', 'creplme00318'),
	(166, 'YU000060-1', '2018-10-11', 'RF', 'SVT', '774970901359', 'JOSE A NIEVES PEREZ', 'JUAN PABLO (S)', '26 550 59 61 J PABLO II', 'creplme00318'),
	(167, 'YU000061-1', '2018-10-11', 'RF', 'SVT', '774150102788', 'CANO CANO LUIS FELIPE', 'TIXCACAL-OPICHEN      F', '50A VIVIENDA 1 685 CP.00000', 'creplme00318'),
	(168, 'YU000062-1', '2018-10-11', 'RF', 'SVT', '777860700128', 'CHACON CASTILLO TALY GIOMARA', 'SAN LORENZO    (UMAN) F', 'CALLE 33 109 20 20A CP.97392', 'creplme00318'),
	(169, 'YU000063-1', '2018-10-11', 'AA', 'SVT', '777071001649', 'MEX HOIL MANUELA DE JESUS', 'NVA SN JOSE TECOH (UMA', '179 363 X70ESQ. 68 NVA.SN JOSE', 'creplme00318'),
	(170, 'YU000064-1', '2018-10-11', 'AA', 'SVT', '774020200605', 'GONZALEZ SAAVEDRA GUADALUPE', 'JUAN PABLO (S)', '45 371 18 20 JUAN PABLO II', 'creplme00318'),
	(171, 'YU000065-1', '2018-10-12', 'RF', 'SVT', '774040503787', 'YAMA BALCAZAR ARMANDO ARTURO', 'JUAN PABLO (S)        F', '47A 514 30-32 JUAN PABLO II', 'creplme00318'),
	(172, 'YU000066-1', '2018-10-12', 'RF', 'SVT', '777140301242', 'MAY DIAZ SALOMON CHRISTIAN', 'PIEDRA DE AGUA (UMAN) F', '45 735B 40 42 CP.97392', 'creplme00318'),
	(173, 'YU000067-1', '2018-10-12', 'RF', 'SVT', '772940201376', 'MARIA DEL C MAY CAUICH', 'SAN ANT Y ART XLUCH   F', '147 569 68 70 SN ANT XLUC', 'creplme00318'),
	(174, 'YU000068-1', '2018-10-12', 'RF', 'SVT', '774020402658', 'WENDY AKE ROCHA', 'JUAN PABLO (S)        F', '38 645 47 49A JUAN PABLO II', 'creplme00318'),
	(175, 'YU000069-1', '2018-10-12', 'RF', 'SVT', '774121001140', 'CONCHA RAMIREZ JAIME ALBERTO', 'JUAN PABLO (S)        F', '25 403 30A 32 J.P. II G NAVARR', 'creplme00318'),
	(176, 'YU000070-1', '2018-10-12', 'RF', 'SVT', '774990404351', 'VICTOR PEREZ CHUC', 'JUAN PABLO (S)        F', '47A 500 30 32 J.P.II VATICANO', 'creplme00318'),
	(177, 'YU000071-1', '2018-10-12', 'RF', 'SVT', '774020102174', 'ALVARO KUMUL CANALES', 'JUAN PABLO (S)        F', '19 392 28 30 JUAN PABLO II', 'creplme00318'),
	(178, 'YU000072-1', '2018-10-12', 'RF', 'SVT', '776100903715', 'ROMERO CASTANEDA MICHEL JACOBO', 'BOULEVARES DE CAUCEL  F', '37 686K X 80 Y 86 BOULE 686K C', 'creplme00318'),
	(179, 'YU000073-1', '2018-10-12', 'RF', 'SVT', '774000260423', 'FRANCISCO J PUGA PEREZ', 'JUAN PABLO (S)        F', '31 419 30 32 J PABLO II', 'creplme00318'),
	(180, 'YU000074-1', '2018-10-12', 'RF', 'SVT', '772140401431', 'GONGORA ACOSTA LOURDES NOEMI', 'BRISAS DEL SUR        F', '123 252 CP.00000', 'creplme00318'),
	(181, 'YU000075-1', '2018-10-12', 'RF', 'SVT', '776150800348', 'NOVELO UICAB MARIA VICTORIA DE', 'SANTO DOMINGO (HUNUC)', '23 218 32 34 SANTO DOMINGO . C', 'comeme00518'),
	(182, 'YU000076-1', '2018-10-12', 'RF', 'SVT', '774040500958', 'BOJORQUEZ INTERIAN GUADALUPE', 'TIXCACAL-OPICHEN      F', '28 712 77-77C TIXCACAL OPICHEN', 'creplme00318'),
	(183, 'YU000077-1', '2018-10-12', 'RF', 'SVT', '774971100856', 'JOSE C ESTRADA', 'JUAN PABLO (S)        F', '30 428 39 J PABLO II', 'creplme00318'),
	(184, 'YU000078-1', '2018-10-13', 'AA', 'SVT', '771940900120', 'QUINTAL CORREA WILBERTH ISMAEL', 'JOSE M ITURRALDE,(AGUI', '10 334 9Y13 JMI ITURRALDE', 'elmame00118'),
	(185, 'YU000079-1', '2018-10-15', 'RF', 'PPO', '777090702381', 'UC PECH JOSE ARMANDO', 'TEBEC        (UMAN)', 'DOM CONOCIDO TEBEC', 'creplme00318'),
	(186, 'YU000080-1', '2018-10-15', 'RF', 'PPO', '777050301103', 'ANGULO UC ISRRAEL ARMIN', 'TEBEC        (UMAN)', '3 X 6 Y 8 SN', 'creplme00318'),
	(187, 'YU000081-1', '2018-10-15', 'RF', 'PPO', '774030300098', 'OLMOS SAN JUAN LUCIA', 'XOCLAN.(S)            F', '136B X 87   POLIG.OPICHEN', 'creplme00318'),
	(188, 'YU000082-1', '2018-10-15', 'RF', 'PPO', '774860802258', 'GASQUE VARGAS MARIA GUADALUPE', 'FOVISSTE PENSIONES    F', '5B 323 38A Y 40 LTE 6 PEN', 'creplme00318'),
	(189, 'YU000083-1', '2018-10-15', 'RF', 'PPO', '772890900537', 'CONTRERAS CHACON ELIZABETH', 'SAN MARCOS NOCOH      F', '10 411 39Y41 SN MARCOS NOCOH', 'creplme00318'),
	(190, 'YU000084-1', '2018-10-15', 'RF', 'PPO', '774020302696', 'ALBERT H. MORALES RODRIGUEZ', 'JUAN PABLO (S)        F', '23 457 34 36 JUAN PABLO II', 'creplme00318'),
	(191, 'YU000085-1', '2018-10-15', 'RF', 'PPO', '774040201276', 'CHABLE FUENTES ROSAURA FCA', 'TIXCACAL-OPICHEN      F', '75B 472 28AY30 TIXCACAL OPICHE', 'creplme00318'),
	(192, 'YU000086-1', '2018-10-15', 'RF', 'PPO', '774090502234', 'GUZMAN VALENZUELA LEIDY', 'JUAN PABLO (S)        F', '51A 570 36 FRACC AMP JUAN P II', 'creplme00318'),
	(193, 'YU000087-1', '2018-10-15', 'RF', 'PPO', '774820700258', 'REYNALDO ESCALANTE UICAB', 'MULSAY.NV MULS.JAR. MUF', '104 616 67B 67D MULSAY', 'creplme00318'),
	(194, 'YU000088-1', '2018-10-15', 'RF', 'PPO', '772111102859', 'MARTINEZ LOPEZ ANGELICA MA.', 'EL ROBLE              F', '59 389 X 20 24 JARDINES DEL RO', 'creplme00318'),
	(195, 'YU000089-1', '2018-10-15', 'RF', 'PPO', '774020304265', 'CASANOVA HERNANDEZ JOSE RAFAEL', 'JUAN PABLO (S)        F', '5C 397 28 32 MERIDA 2000 JP II', 'creplme00318'),
	(196, 'YU000090-1', '2018-10-15', 'RF', 'PPO', '774020306489', 'TAMAYO TRUJEQUE PEDRO PABLO', 'JUAN PABLO (S)        F', '30 406 33 35 JPII G.NAVARRO B', 'creplme00318'),
	(197, 'YU000091-1', '2018-10-15', 'RF', 'PPO', '774040204640', 'HERNANDEZ JARACUARO ISRAEL', 'TIXCACAL-OPICHEN      F', '75D 470 28 30 TIXCACAL OPICHEN', 'creplme00318'),
	(198, 'YU000092-1', '2018-10-15', 'RF', 'PPO', '774050502291', 'CAUICH NOH JOEL FRANCISCO', 'TIXCACAL-OPICHEN      F', '77B 600 38 40 TIXCACAL OPICHEN', 'creplme00318'),
	(199, 'YU000093-1', '2018-10-15', 'RF', 'PPO', '776110803816', 'OLIVER VAZQUEZ ENA VIRGINIA', 'BOULEVARES DE CAUCEL  F', '37 687 O CP.97314', 'creplme00318'),
	(200, 'YU000094-1', '2018-10-15', 'RF', 'PPO', '774051101061', 'SANCHEZ SEGOVIA HELVERTH DEL J', 'TIXCACAL-OPICHEN      F', '77C 635 42 44 TIXCACAL OPICHEN', 'creplme00318'),
	(201, 'YU000095-1', '2018-10-15', 'RF', 'PPO', '776110104331', 'MARIN CABRERA GABRIEL ALEJANDR', 'LA CEIBA CIUDAD CAUCELF', '47 855 110 108 LA CEIBA . CP.9', 'creplme00318'),
	(202, 'YU000096-1', '2018-10-15', 'RF', 'PPO', '774950601723', 'MA DOLORES CASANOVA PUC', 'FRANCISCO I MADERO    F', '29 183B 20-22 FCO I MADER', 'creplme00318'),
	(203, 'YU000097-1', '2018-10-15', 'RF', 'PPO', '774950601910', 'EDGAR ARRIAGA ARAGON', 'HIDALGO.NV HGO.AMP.HGOF', '49 221 58 60 COL NVA.HGO', 'creplme00318'),
	(204, 'YU000098-1', '2018-10-15', 'RF', 'PPO', '773150109905', 'GIL AGUIRRE ALMA ESTHER', 'VILLAS DE ORIENTE     F', '2F 268-31 67B 67C VILLAS OTE .', 'creplme00318'),
	(205, 'YU000099-1', '2018-10-15', 'AA', 'INE', '772071101277', 'MEDINA CHAN JOEL RENE', 'VALLE DORADO,SN JOSE TF', '137A 478 58 60 VALLE DORADO', 'creplme00318'),
	(206, 'YU000100-1', '2018-10-16', 'RF', 'PPO', '774900400239', 'DIONILDA MUNOZ DE TAMAYO', 'XOCLAN.(S)            F', '40 109 41Y43 XOCLAN', 'creplme00318'),
	(207, 'YU000101-1', '2018-10-17', 'RF', 'PPO', '777150702539', 'MORENO CEN TERESITA DE JESUS', 'GUADALUPANA(UMAN)', '68 520 185 187B CP.97390', 'hociame00418'),
	(208, 'YU000102-1', '2018-10-17', 'RF', 'PPO', '772100601853', 'LIZARRAGA ASSY MARIO ENRIQUE', 'CENTRO-SECTOR 6       F', '79 500B 58 60 CENTRO', 'hociame00418'),
	(209, 'YU000103-1', '2018-10-17', 'RF', 'PPO', '770110902212', 'LUGO RICALDE NORTHON JOSE A', 'CENTRO PONIENTE       F', '74 411A 45 47 CENTRO', 'hociame00418'),
	(210, 'YU000104-1', '2018-10-18', 'AA', 'REC', '773110904923', 'TERAN HILDA MARIA', 'MIRAFLORES            F', '15 138D 14 Y 16 COL.MIRAFLORES', 'creplme00318'),
	(211, 'YU000104-2', '2018-10-20', 'AA', 'IMP', '773110904923', 'TERAN HILDA MARIA', 'MIRAFLORES            F', '15 138D 14 Y 16 COL.MIRAFLORES', 'creplme00318'),
	(212, 'YU000105-1', '2018-10-18', 'AA', 'INE', '777050900546', 'MARTINEZ SOBERANIS LORENZO R', 'UMAN           (UMAN) F', '26C 85 FRACC VILLAREAL', 'creplme00318'),
	(213, 'YU000106-1', '2018-10-18', 'AA', 'PEX', '770091000342', 'QUEVEDO ZAPATA RENE OMAR', 'VERGEL, SN ANT KAUA,F.F', '27 199 8C VERGEL III', 'creplme00318'),
	(214, 'YU000107-1', '2018-10-19', 'AA', 'INE', '774091102078', 'VARGAS CANTO VICTOR', 'LA JOYA PASEOS OPICHENF', '81 672 46 48DIAG LA JOY . . CP', 'creplme00318'),
	(215, 'YU000108-1', '2018-10-19', 'RF', 'PIN', '773910302042', 'ANTONIO ORLANDO RIVERO SOSA', 'GRANJAS.REP.GRANJAS.AMF', '58 526F 55 57 REP GJAS', 'rosu1me00218'),
	(216, 'YU000109-1', '2018-10-20', 'RF', 'RAT', '772930600396', 'SOLEDAD FERNANDEZ GALVAN', 'CENTRO-SECTOR 7       F', '82 532 77A SN SEBASTIAN', 'creplme00318'),
	(217, 'CM000020-1', '2018-11-08', 'AA', 'PPO', '789930400249', 'CAN PANTI MARIA ELENA', 'FRACC. VALLE DEL SOL  F', 'PLUTON M 2 L 11 V DEL SOL', 'comucm10104'),
	(218, 'CM000021-1', '2018-11-09', 'RF', 'PPO', '789051000296', 'BORGES FUENTES MARIA DE LOS A', 'UNID. HAB. SIGLO XXI  F', 'DECIMOTERCERA MZ XLIV LT 79', 'muqucm10102'),
	(219, 'CM000022-1', '2018-11-14', 'RF', 'INE', '789070903060', 'CHABLE REJON RAMAYO', 'FRAC.PRESIDS.DE MEXICOF', 'CALLE PORF. DIAS MAZ 18 L 5 CP', 'muqucm10102'),
	(220, 'QR000018-2', '2018-11-23', 'RF', 'PIN', '782050702250', 'ALGARA CHI NOE FRANCISCO', 'REGION 201            F', 'SM 201 MZ 108 LT 4 CASA 1637B', 'columcc00118'),
	(221, 'QR000022-2', '2018-11-07', 'RF', 'LSC', '783111013343', 'DZIB TUTZIN GABRIELA IMELDA', 'SM260 IN JAUS         F', 'SM260 M53 L10 CASA 19 . CP.000', 'columcc00118'),
	(222, 'QR000034-3', '2018-11-23', 'RF', 'PIN', '783150406701', 'POOL ALCOCER CARLOS A', 'SM260 PRADO NORTE     F', 'SM260 MZ4 LT6-01 CASA D5 . . C', 'columcc00118'),
	(223, 'QR000039-4', '2018-11-13', 'RF', 'PIN', '782150100494', 'ALVAREZ LEYVA LEIDY YESENIA', 'SM250 VILLASDELMARPLUSF', 'SM249 M41 LT1 CASA 13 . CP.000', 'columcc00118'),
	(224, 'QR000039-3', '2018-11-05', 'RF', 'REC', '782150100494', 'ALVAREZ LEYVA LEIDY YESENIA', 'SM250 VILLASDELMARPLUSF', 'SM249 M41 LT1 CASA 13 . CP.000', 'columcc00118'),
	(225, 'QR000039-2', '2018-11-05', 'RF', 'REC', '782150100494', 'ALVAREZ LEYVA LEIDY YESENIA', 'SM250 VILLASDELMARPLUSF', 'SM249 M41 LT1 CASA 13 . CP.000', 'columcc00118'),
	(226, 'QR000051-2', '2018-11-01', 'RF', 'PIN', '782010312238', 'MORENO BALAM KARLA', 'REGION 200            F', 'REG200 M104 L2 #1653B', 'columcc00118'),
	(227, 'QR000052-2', '2018-11-01', 'RF', 'REC', '783130802341', 'ZAVALA PEREZ JOSE IVAN', 'REGION 259            F', 'SM259 MZ107 LT30 C 42 P A . CP', 'columcc00118'),
	(228, 'QR000059-1', '2018-11-01', 'AA', 'LSC', '783040400511', 'PENA RIVERA HECTOR', 'REG 105 TIERRA MAYA   F', 'SM105 M102 L05 HUMO 65', 'columcc00118'),
	(229, 'QR000060-1', '2018-11-01', 'RF', 'PSU', '781951102301', 'JOSE L. NOYOLA FONSECA', 'REGION 229            F', 'REG229 M55 L19', 'columcc00118'),
	(230, 'QR000061-1', '2018-11-01', 'RF', 'REC', '781860100870', 'ELOINA ARCOS MENDOZA', 'SUPERMANZANA 92       F', 'REG92 M6 L14', 'columcc00118'),
	(231, 'QR000062-1', '2018-11-02', 'RF', 'LSC', '783130716177', 'SILVAN ALVAREZ JULIA', 'SM260 PRADO NORTE     F', 'SM260 MZ9 LT3-01 CASA M5 . CP.', 'columcc00118'),
	(232, 'QR000063-2', '2018-11-21', 'RF', 'REC', '782121102534', 'FARIAS FLORES JAVIER FRANCISC', 'SM252 VISTA REAL      F', 'SM252 M21 L3 CASA52 . CP.00000', 'columcc00118'),
	(233, 'QR000063-1', '2018-11-03', 'RF', 'REC', '782121102534', 'FARIAS FLORES JAVIER FRANCISC', 'SM252 VISTA REAL      F', 'SM252 M21 L3 CASA52 . CP.00000', 'columcc00118'),
	(234, 'QR000064-1', '2018-11-06', 'RF', 'LSC', '783120103576', 'CAAMAL SOSA SERGIO JESUS', 'SM259 VILLAS OTOCH PARF', 'SM259 M105 L16 CASA 51 C-51 CP', 'columcc00118'),
	(235, 'QR000065-1', '2018-11-07', 'RF', 'LSC', '780050604212', 'NARCEDALIA VAZQUEZ NOVELO', 'REGION 247', 'SM-13 M-11 L-02 CASA-54', 'columcc00118'),
	(236, 'QR000066-1', '2018-11-07', 'RF', 'REC', '783131002585', 'MONTALVO MAY ONESIMO', 'REGION 259            F', 'SM259 M112 L40 CASA 16 . . CP.', 'columcc00118'),
	(237, 'QR000066-2', '2018-11-09', 'RF', 'LSC', '783131002585', 'MONTALVO MAY ONESIMO', 'REGION 259            F', 'SM259 M112 L40 CASA 16 . . CP.', 'columcc00118'),
	(238, 'QR000067-2', '2018-11-08', 'RF', 'PLI', '783111013777', 'CAN PEREZ RUDY ARIEL', 'SM260 PRADO NORTE     F', 'SM260 M51 LT8 CASA 25A - CP.00', 'columcc00118'),
	(239, 'QR000067-1', '2018-11-07', 'RF', 'REC', '783111013777', 'CAN PEREZ RUDY ARIEL', 'SM260 PRADO NORTE     F', 'SM260 M51 LT8 CASA 25A - CP.00', 'columcc00118'),
	(240, 'QR000068-2', '2018-11-12', 'RF', 'PSU', '781130300822', 'FERRER ORTEGA JESUS DANIEL', 'REGION 248', 'SM248 MZ89 LT2 CASA 27 CP.0000', 'columcc00118'),
	(241, 'QR000068-1', '2018-11-07', 'RF', 'REC', '781130300822', 'FERRER ORTEGA JESUS DANIEL', 'REGION 248', 'SM248 MZ89 LT2 CASA 27 CP.0000', 'columcc00118'),
	(242, 'QR000069-1', '2018-11-07', 'AA', 'INE', '780050805374', 'CID GARCIA NORMA IRENE', 'REGION 247            F', 'SM 13 MZ 11 L-2 CASA 97 1A', 'columcc00118'),
	(243, 'QR000070-1', '2018-11-08', 'RF', 'IMP', '781081201457', 'DIAZ HERRERA VIRGINIA', 'CARR RANCHO VIEJO     F', 'COL.LAS AMERICAS M12 L16 .. CP', 'columcc00118'),
	(244, 'QR000071-1', '2018-11-12', 'AA', 'REC', '781020800871', 'MARUFO AMAYA DEYSI MARGARITA', 'REGION 226            F', 'REG226 M12 L20', 'columcc00118'),
	(245, 'QR000071-2', '2018-11-12', 'AA', 'PSU', '781020800871', 'MARUFO AMAYA DEYSI MARGARITA', 'REGION 226            F', 'REG226 M12 L20', 'columcc00118'),
	(246, 'QR000072-1', '2018-11-12', 'RF', 'IMP', '781050700862', 'HERNANDEZ CARDENA JESUS D LA C', 'REGION 223            F', 'R223 M2 L3 CASA23 G.BOCANEGRA', 'columcc00118'),
	(247, 'QR000073-1', '2018-11-13', 'RF', 'PSU', '782141200877', 'COCON CHAN ANGELINO', 'REGION 248', 'SM248 M89 L1 CASA 65 * CP.0000', 'columcc00118'),
	(248, 'QR000074-1', '2018-11-15', 'RF', 'IMP', '782140701791', 'ARANDA PEREZ ANDRES RAYMUNDO', 'SM252 VISTA REAL      F', 'SM252 M15 L2 CASA17 . CP.77518', 'columcc00118'),
	(249, 'QR000075-1', '2018-11-15', 'RF', 'PSU', '783150806695', 'ROMERO DOMINGUEZ CARLOS', 'REGION 200            F', 'SM200 M73 L2 CASA 1602B . . CP', 'columcc00118'),
	(250, 'QR000076-1', '2018-11-15', 'RF', 'IMP', '781111205550', 'RAMIREZ AGUILAR MAURICIO', 'REGION 247            F', 'REG247 M8 L2 CASA 31 . CP.0000', 'columcc00118'),
	(251, 'QR000077-1', '2018-11-16', 'RF', 'PIN', '781131100339', 'AYALA MARTIN DAMELY ARIANET', 'SM248 PONIENTE        F', 'SM248 MZ69 LT3 CASA 63 CP.0000', 'columcc00118'),
	(252, 'QR000078-1', '2018-11-16', 'RF', 'PSU', '783141109736', 'AUDELO JUAREZ XOCHITL IVONNE', 'CD NATURA             F', 'SM260 MZ50 LT4 CASA 42 CP.0000', 'columcc00118'),
	(253, 'QR000079-1', '2018-11-17', 'RF', 'REC', '780020401724', 'ALTUZAR GARCIA HEBERTO ANTONIO', 'REGION 237            F', 'REG237 M68 L5', 'columcc00118'),
	(254, 'QR000080-1', '2018-11-19', 'RF', 'PIN', '782130400424', 'PEREZ MORALES ORVELIN', 'REGION 217            F', 'SM217 M32 L1 CASA 1195 . CP.00', 'columcc00118'),
	(255, 'QR000081-1', '2018-11-19', 'RF', 'PIN', '783100604382', 'LOPEZ ALFONZO SERGIO', 'REGION 259            F', 'SM259 M83 L4 CASA #13 . CP.000', 'columcc00118'),
	(256, 'QR000082-1', '2018-11-19', 'RF', 'REC', '783091210210', 'JIMENEZ PEDRERO SEBASTIANA', 'SM259 VILLAS OTOCH PARF', 'SM259 M102 L32 C-33 AV.LEONA V', 'columcc00118'),
	(257, 'QR000083-1', '2018-11-21', 'RF', 'PIN', '782140305225', 'LARA LARA MARLETTE G', 'SM248 PONIENTE        F', 'SM248 M97 L2 39 CP.00000', 'columcc00118'),
	(258, 'QR000084-1', '2018-11-21', 'RF', 'REC', '780011200121', 'RUIZ CAMACHO NILA', 'SUPERMANZANA 74 LOM TOF', 'REG74 M11 L3 AND 5 LOMB TOL', 'columcc00118'),
	(259, 'YU000015-2', '2018-11-13', 'AA', 'IMP', '772890100191', 'TEODOSIA ESTRELLA', 'SAN ANT Y ART XLUCH   F', '137 533 64Y66 S A XLUCH', 'elmame00118'),
	(260, 'YU000016-3', '2018-11-14', 'AA', 'IMP', '773140304939', 'GOMEZ SALAZAR MARIA ELENA', 'FRACC LOS HEROES      F', '138B 749 139 135 LOS HEROES 74', 'elmame00118'),
	(261, 'YU000109-2', '2018-11-14', 'RF', 'RAT', '772930600396', 'SOLEDAD FERNANDEZ GALVAN', 'CENTRO-SECTOR 7       F', '82 532 77A SN SEBASTIAN', 'creplme00318'),
	(262, 'YU000109-3', '2018-11-22', 'RF', 'PIN', '772930600396', 'SOLEDAD FERNANDEZ GALVAN', 'CENTRO-SECTOR 7       F', '82 532 77A SN SEBASTIAN', 'creplme00318'),
	(263, 'YU000113-1', '2018-11-01', 'RF', 'PPO', '777121103677', 'CAB PUC MARIA TERESA DE JESUS', 'DZUNUNCAN,   (UMAN)', '189B 205 74 74A SN LUIS DZUNUN', 'creplme00318'),
	(264, 'YU000114-1', '2018-11-07', 'AA', 'IMP', '774030601691', 'QUIJANO NOVELO GABRIEL ARIEL', 'JUAN PABLO (S)        F', '32 176 5 Y 5A JPII MDA2000', 'elmame00118'),
	(265, 'YU000115-1', '2018-11-07', 'RF', 'PPO', '777120403383', 'PADILLA GRANIEL JUAN MANUEL', 'FRACC BELLAVISTA (UMANF', '40 316 159 157 BELLAVISTA 316', 'creplme00318'),
	(266, 'YU000116-1', '2018-11-08', 'AA', 'IMP', '774900501868', 'LUCIA ALPUCHE DE Z', 'YUCALPETEN.VILLASY BOSF', '124C-1 274 59A 59B YUCALP', 'elmame00118'),
	(267, 'YU000117-1', '2018-11-09', 'RF', 'PIN', '777090902754', 'ZAMUDIO CORDOVA SERGIO MANUEL', 'FRACC SANTA CRUZ      F', '187K 596 104 108 STA CRUZ PAL', 'creplme00318'),
	(268, 'YU000118-1', '2018-11-09', 'RF', 'PIN', '771951103906', 'PUC Y KANTUN ABUNDIA', 'G.GINERES Y COLON X CUF', '12 178B X13-15 G.GINERES', 'creplme00318'),
	(269, 'YU000119-1', '2018-11-09', 'RF', 'PPO', '772150201244', 'ALONZO HOIL LIZBETH DE LOS A', 'EMILIANO ZAP SUR      F', '131 726B 90 92 EMIL ZAP SUR', 'creplme00318'),
	(270, 'YU000120-1', '2018-11-09', 'RF', 'PPO', '773961100452', 'PEDRO G HERRERA RAMIREZ', 'KANASIN.XELPAC.CUAUT.PF', '41 13 A 8 10  XELPAK', 'creplme00318'),
	(271, 'YU000121-1', '2018-11-09', 'RF', 'PIN', '773140700516', 'DZIB CUPUL ALFREDO GUADALUPE', 'FRACC COCOYOLES-KANASIF', '6 92A 6B COCOYOLES CAMPESTRE .', 'creplme00318'),
	(272, 'YU000122-1', '2018-11-09', 'RF', 'PPO', '773070900911', 'PUC RIVERO MARIA DEL ROSARIO', 'VILLAS DE ORIENTE     F', '65B 397 10 12 VILLAS DE OTE', 'creplme00318'),
	(273, 'YU000123-1', '2018-11-09', 'RF', 'PPO', '773100507624', 'UICAB PALOMO HENRY MARTIN', 'KANASIN.XELPAC.CUAUT.PF', '9C CERRA 136 26 PERLAS KANASIN', 'creplme00318'),
	(274, 'YU000124-1', '2018-11-09', 'RF', 'PPO', '773910601651', 'CARLOS M CETINA VARGAS', 'POLIG.ITZIMNA 108 CTM F', '35 333 22 24 POLIG 108', 'creplme00318'),
	(275, 'YU000125-1', '2018-11-09', 'RF', 'PPO', '774950303765', 'ADOLFO DURAN GARRIDO', 'JUAN PABLO (S)        F', '53A 368 22 24 J PABLO II', 'creplme00318'),
	(276, 'YU000126-1', '2018-11-09', 'AA', 'PIN', '772090802863', 'MEDINA HERRERA JOSE RAUL', 'ZAZIL-HA              F', '52 927 129 ESQ ZAZIL HA', 'creplme00318'),
	(277, 'YU000127-1', '2018-11-09', 'RF', 'PIN', '776130300373', 'VILLALOBOS SALAZAR RAMIRO ARMA', 'LOS ALMENDROS         F', '77 715A 90 92 LOS ALMENDORS. .', 'creplme00318'),
	(278, 'YU000128-1', '2018-11-09', 'RF', 'PIN', '776100704658', 'AVILES VARGUEZ GUADALUPE DEL P', 'LOS ALMENDROS II      F', '69 709 90 LOS ALMENDROS II . C', 'creplme00318'),
	(279, 'YU000129-1', '2018-11-09', 'RF', 'PIN', '774141001201', 'AVILES VARGUEZ HANSSEL JESUS', 'XOCLAN.(S)            F', '75 1131 136 138 XOCLAN SUSULA', 'creplme00318'),
	(280, 'YU000130-1', '2018-11-14', 'RF', 'IMP', '772130502949', 'ARGAEZ MALTA ADAN ESTEFANO', 'EL ROBLE AGRICOLA I IIF', 'C 45 A 400 X 20 Y 22 . CP.0000', 'elmame00118'),
	(281, 'YU000131-1', '2018-11-15', 'RF', 'PPO', '772100402010', 'LOPEZ CABANAS RODRIGO ARTURO', 'EMILIANO ZAP SUR      F', '171A 26 88 90 E ZAP SUR III .', 'creplme00318'),
	(282, 'YU000132-1', '2018-11-17', 'RF', 'INE', '773840300225', 'GONZALEZ LUGO JULIA BEATRIZ', 'SAN JUAN GRANDE       F', '39 206A 16Y18 PETKANCHE', 'elmame00118'),
	(283, 'YU000133-2', '2018-11-20', 'AA', 'PPO', '776080900919', 'VIDALES CARDENAS NANCY', 'ALMENDROS             F', '51 696J 90 92 LOS ALMENDROS .', 'creplme00318'),
	(284, 'YU000133-1', '2018-11-20', 'AA', 'PIN', '776080900919', 'VIDALES CARDENAS NANCY', 'ALMENDROS             F', '51 696J 90 92 LOS ALMENDROS .', 'creplme00318'),
	(285, 'YU000134-1', '2018-11-20', 'RF', 'IMP', '774030700924', 'LOPEZ DZIB TERESA GUADALUPE', 'JUAN PABLO (S)        F', '5-O DIAG 432 32 38 JP II LIRIO', 'elmame00118'),
	(286, 'YU000135-1', '2018-11-22', 'RF', 'PPO', '771820900126', 'MIGUEL J CHAN PECH', 'MAXIMO ANCONA         F', '24 344 39 39A MAX ANC', 'creplme00318'),
	(287, 'YU000135-2', '2018-11-22', 'RF', 'PPO', '771820900126', 'MIGUEL J CHAN PECH', 'MAXIMO ANCONA         F', '24 344 39 39A MAX ANC', 'creplme00318'),
	(288, 'YU000136-1', '2018-11-22', 'RF', 'IMP', '777140102916', 'CANUL EUAN JOSE DANIEL', 'UMAN           (UMAN) F', '23 88 INT B 8 10 CP.97390', 'elmame00118'),
	(289, 'YU000137-1', '2018-11-23', 'RF', 'IMP', '777140300203', 'CETINA MENESES JAIME MANUEL', 'PASEOS DE ITZINCAB(UMAF', '31 DIAG 369 29A 29B  CP 97390', 'elmame00118'),
	(290, 'YU000138-1', '2018-11-23', 'RF', 'PPO', '777131101184', 'CANCHE PECH MARIA EDUVIGES', 'OXCUM        (UMAN)', '13 SN 4 OXCUM', 'elmame00118'),
	(291, 'YU000139-1', '2018-11-23', 'RF', 'PPO', '774010101048', 'VIERA CASANOVA RAUL', 'XOCLAN.(S)            F', '67 1143 136 138 XOCLAN SUSULA', 'elmame00118');
/*!40000 ALTER TABLE `colocadas_sia` ENABLE KEYS */;

-- Volcando estructura para tabla yucatan.liberaciones_conta_aa
CREATE TABLE IF NOT EXISTS `liberaciones_conta_aa` (
  `id_liberacion` int(11) DEFAULT NULL,
  `solicitud_completa` int(11) DEFAULT NULL,
  `solicitud` int(11) DEFAULT NULL,
  `presupuesto` int(11) DEFAULT NULL,
  `solicitud_pa` int(11) DEFAULT NULL,
  `coordinacion` int(11) DEFAULT NULL,
  `proveedor` int(11) DEFAULT NULL,
  `nombre` int(11) DEFAULT NULL,
  `rpu` int(11) DEFAULT NULL,
  `tipo_u` int(11) DEFAULT NULL,
  `programa` int(11) DEFAULT NULL,
  `uuid` int(11) DEFAULT NULL,
  `financiamiento` int(11) DEFAULT NULL,
  `capital` int(11) DEFAULT NULL,
  `interes` int(11) DEFAULT NULL,
  `iva` int(11) DEFAULT NULL,
  `retenciion1` int(11) DEFAULT NULL,
  `retencion6` int(11) DEFAULT NULL,
  `capacidad` int(11) DEFAULT NULL,
  `marca` int(11) DEFAULT NULL,
  `fecha_ini_fact` int(11) DEFAULT NULL,
  `plazo` int(11) DEFAULT NULL,
  `tipo_plazo` int(11) DEFAULT NULL
) ENGINE=InnoDB DEFAULT CHARSET=utf8;

-- Volcando datos para la tabla yucatan.liberaciones_conta_aa: ~0 rows (aproximadamente)
DELETE FROM `liberaciones_conta_aa`;
/*!40000 ALTER TABLE `liberaciones_conta_aa` DISABLE KEYS */;
/*!40000 ALTER TABLE `liberaciones_conta_aa` ENABLE KEYS */;

-- Volcando estructura para tabla yucatan.liberaciones_conta_rf
CREATE TABLE IF NOT EXISTS `liberaciones_conta_rf` (
  `id_liberacion` int(11) DEFAULT NULL,
  `solicitud_completa` int(11) DEFAULT NULL,
  `solicitud` int(11) DEFAULT NULL,
  `presupuesto` int(11) DEFAULT NULL,
  `solicitud_pa` int(11) DEFAULT NULL,
  `coordinacion` int(11) DEFAULT NULL,
  `proveedor` int(11) DEFAULT NULL,
  `nombre` int(11) DEFAULT NULL,
  `rpu` int(11) DEFAULT NULL,
  `tipo_u` int(11) DEFAULT NULL,
  `programa` int(11) DEFAULT NULL,
  `uuid` int(11) DEFAULT NULL,
  `financiamiento` int(11) DEFAULT NULL,
  `capital` int(11) DEFAULT NULL,
  `interes` int(11) DEFAULT NULL,
  `iva` int(11) DEFAULT NULL,
  `instalacion` int(11) DEFAULT NULL,
  `retenciion1` int(11) DEFAULT NULL,
  `retencion6` int(11) DEFAULT NULL,
  `tipo` int(11) DEFAULT NULL,
  `capacidad` int(11) DEFAULT NULL,
  `fecha_ini_fact` int(11) DEFAULT NULL,
  `plazo` int(11) DEFAULT NULL,
  `tipo_plazo` int(11) DEFAULT NULL
) ENGINE=InnoDB DEFAULT CHARSET=utf8 ROW_FORMAT=DYNAMIC;

-- Volcando datos para la tabla yucatan.liberaciones_conta_rf: ~0 rows (aproximadamente)
DELETE FROM `liberaciones_conta_rf`;
/*!40000 ALTER TABLE `liberaciones_conta_rf` DISABLE KEYS */;
/*!40000 ALTER TABLE `liberaciones_conta_rf` ENABLE KEYS */;

-- Volcando estructura para tabla yucatan.liberaciones_simple
CREATE TABLE IF NOT EXISTS `liberaciones_simple` (
  `id_liberacion` int(11) DEFAULT NULL,
  `rpu` int(11) DEFAULT NULL,
  `solicitud_pa` int(11) DEFAULT NULL,
  `solicitud` int(11) DEFAULT NULL,
  `solixtrasia` int(11) DEFAULT NULL,
  `presupuesto` int(11) DEFAULT NULL,
  `programa` int(11) DEFAULT NULL,
  `sufijo_sicom` int(11) DEFAULT NULL,
  `fecha_sicom` int(11) DEFAULT NULL,
  `fecha_alta_lib` int(11) DEFAULT NULL,
  `fecha_pago` int(11) DEFAULT NULL,
  `financiado` int(11) DEFAULT NULL,
  `capital` int(11) DEFAULT NULL,
  `interes` int(11) DEFAULT NULL,
  `iva` int(11) DEFAULT NULL,
  `dif_total` int(11) DEFAULT NULL,
  `dif_capital` int(11) DEFAULT NULL,
  `dif_ineteres` int(11) DEFAULT NULL,
  `dif_iva` int(11) DEFAULT NULL,
  `id_promo` int(11) DEFAULT NULL
) ENGINE=InnoDB DEFAULT CHARSET=utf8 COMMENT='Contiene reporte de liberaciones simple';

-- Volcando datos para la tabla yucatan.liberaciones_simple: ~0 rows (aproximadamente)
DELETE FROM `liberaciones_simple`;
/*!40000 ALTER TABLE `liberaciones_simple` DISABLE KEYS */;
/*!40000 ALTER TABLE `liberaciones_simple` ENABLE KEYS */;

-- Volcando estructura para tabla yucatan.liberaciones_tec_aa
CREATE TABLE IF NOT EXISTS `liberaciones_tec_aa` (
  `id_liberacion` int(11) DEFAULT NULL,
  `solicitud_completa` int(11) DEFAULT NULL,
  `solicitud` int(11) DEFAULT NULL,
  `presupuesto` int(11) DEFAULT NULL,
  `solicitud_pa` int(11) DEFAULT NULL,
  `coordinacion` int(11) DEFAULT NULL,
  `proveedor` int(11) DEFAULT NULL,
  `nombre` int(11) DEFAULT NULL,
  `rpu` int(11) DEFAULT NULL,
  `tipo_u` int(11) DEFAULT NULL,
  `programa` int(11) DEFAULT NULL,
  `uuid` int(11) DEFAULT NULL,
  `prestamo` int(11) DEFAULT NULL,
  `capital` int(11) DEFAULT NULL,
  `interes` int(11) DEFAULT NULL,
  `iva` int(11) DEFAULT NULL,
  `fecha_solicitud` int(11) DEFAULT NULL,
  `fecha_instalacion` int(11) DEFAULT NULL,
  `fecha_liberacion` int(11) DEFAULT NULL,
  `dias` int(11) DEFAULT NULL,
  `tipo_equipo` int(11) DEFAULT NULL,
  `capacidad` int(11) DEFAULT NULL,
  `marca` int(11) DEFAULT NULL,
  `fecha_afectacion` int(11) DEFAULT NULL,
  `fecha_ini_fact` int(11) DEFAULT NULL
) ENGINE=InnoDB DEFAULT CHARSET=utf8 COMMENT='Contiene las liberaciones del reporte del area técnica para los Aires Acondicionados';

-- Volcando datos para la tabla yucatan.liberaciones_tec_aa: ~0 rows (aproximadamente)
DELETE FROM `liberaciones_tec_aa`;
/*!40000 ALTER TABLE `liberaciones_tec_aa` DISABLE KEYS */;
/*!40000 ALTER TABLE `liberaciones_tec_aa` ENABLE KEYS */;

-- Volcando estructura para tabla yucatan.liberaciones_tec_rf
CREATE TABLE IF NOT EXISTS `liberaciones_tec_rf` (
  `id_liberacion` int(11) DEFAULT NULL,
  `solicitud_completa` int(11) DEFAULT NULL,
  `solicitud` int(11) DEFAULT NULL,
  `presupuesto` int(11) DEFAULT NULL,
  `solicitud_pa` int(11) DEFAULT NULL,
  `coordinacion` int(11) DEFAULT NULL,
  `nombre` int(11) DEFAULT NULL,
  `rpu` int(11) DEFAULT NULL,
  `tipo_u` int(11) DEFAULT NULL,
  `programa` int(11) DEFAULT NULL,
  `uuid` int(11) DEFAULT NULL,
  `financiamiento` int(11) DEFAULT NULL,
  `capital` int(11) DEFAULT NULL,
  `interes` int(11) DEFAULT NULL,
  `iva` int(11) DEFAULT NULL,
  `fecha_solicitud` int(11) DEFAULT NULL,
  `fecha_instalacion` int(11) DEFAULT NULL,
  `fecha_liberacion` int(11) DEFAULT NULL,
  `dias` int(11) DEFAULT NULL,
  `capacidad` int(11) DEFAULT NULL,
  `marca` int(11) DEFAULT NULL,
  `fecha_afectacion` int(11) DEFAULT NULL,
  `fecha_ini_fact` int(11) DEFAULT NULL
) ENGINE=InnoDB DEFAULT CHARSET=utf8 COMMENT='Liberaciones del reporte tec';

-- Volcando datos para la tabla yucatan.liberaciones_tec_rf: ~0 rows (aproximadamente)
DELETE FROM `liberaciones_tec_rf`;
/*!40000 ALTER TABLE `liberaciones_tec_rf` DISABLE KEYS */;
/*!40000 ALTER TABLE `liberaciones_tec_rf` ENABLE KEYS */;

-- Volcando estructura para tabla yucatan.liberadas_afectadas
CREATE TABLE IF NOT EXISTS `liberadas_afectadas` (
  `id_afectada` int(11) NOT NULL AUTO_INCREMENT,
  `rpu` varchar(13) NOT NULL DEFAULT '0',
  `solicitud` varchar(11) NOT NULL DEFAULT '0',
  `presupuesto` varchar(9) NOT NULL DEFAULT '0',
  `solicitud_pa` int(11) NOT NULL DEFAULT 0,
  `producto` varchar(5) NOT NULL DEFAULT '0',
  `distribuidor` varchar(100) NOT NULL DEFAULT '0',
  `financiamiento` double NOT NULL DEFAULT 0,
  `fecha_liberacion` date NOT NULL,
  `empleado` varchar(10) NOT NULL DEFAULT '0',
  `fecha_registro` date NOT NULL,
  `boleta_ca` varchar(16) NOT NULL DEFAULT '0',
  `acopio` varchar(50) NOT NULL DEFAULT '0',
  `tipo_supervision` varchar(50) NOT NULL DEFAULT '0',
  `consulta_sicom` varchar(6) NOT NULL DEFAULT '0',
  `afectaSicom` varchar(6) NOT NULL DEFAULT '0',
  `observacion` varchar(50) NOT NULL DEFAULT '0',
  PRIMARY KEY (`id_afectada`),
  KEY `rpu` (`rpu`),
  KEY `solicitud` (`solicitud`),
  KEY `presupuesto` (`presupuesto`),
  KEY `boleta_ca` (`boleta_ca`)
) ENGINE=InnoDB DEFAULT CHARSET=utf8 COMMENT='Contiene liberaciones con datos de afectacion del Sicom';

-- Volcando datos para la tabla yucatan.liberadas_afectadas: ~0 rows (aproximadamente)
DELETE FROM `liberadas_afectadas`;
/*!40000 ALTER TABLE `liberadas_afectadas` DISABLE KEYS */;
/*!40000 ALTER TABLE `liberadas_afectadas` ENABLE KEYS */;

-- Volcando estructura para tabla yucatan.login_distribuidor
CREATE TABLE IF NOT EXISTS `login_distribuidor` (
  `id_login` int(11) NOT NULL AUTO_INCREMENT,
  `id_proveedor` int(11) DEFAULT NULL,
  `login` varchar(50) DEFAULT NULL,
  PRIMARY KEY (`id_login`),
  KEY `FK_login_distribuidor_proveedores` (`id_proveedor`),
  CONSTRAINT `FK_login_distribuidor_proveedores` FOREIGN KEY (`id_proveedor`) REFERENCES `proveedores` (`id_proveedor`)
) ENGINE=InnoDB AUTO_INCREMENT=8 DEFAULT CHARSET=utf8mb4 COMMENT='contiene los diversos logins de los distribuidores';

-- Volcando datos para la tabla yucatan.login_distribuidor: ~5 rows (aproximadamente)
DELETE FROM `login_distribuidor`;
/*!40000 ALTER TABLE `login_distribuidor` DISABLE KEYS */;
INSERT INTO `login_distribuidor` (`id_login`, `id_proveedor`, `login`) VALUES
	(1, 1, 'elmame00118'),
	(2, 2, 'rosu1me00218'),
	(3, 3, 'creplme00318'),
	(4, 4, 'hociame00418'),
	(5, 5, 'comeme00518');
/*!40000 ALTER TABLE `login_distribuidor` ENABLE KEYS */;

-- Volcando estructura para tabla yucatan.proveedores
CREATE TABLE IF NOT EXISTS `proveedores` (
  `id_proveedor` int(11) NOT NULL AUTO_INCREMENT,
  `nombre_comercial` varchar(100) DEFAULT NULL,
  `nombre_fiscal` varchar(100) DEFAULT NULL,
  `representante_legal` varchar(100) DEFAULT NULL,
  `direccion` varchar(150) DEFAULT NULL,
  `id_coordinacion` varchar(5) DEFAULT NULL,
  `tipo_persona` varchar(50) DEFAULT NULL,
  `subprogramas` varchar(20) DEFAULT NULL,
  `presupuesto_asignado` double DEFAULT NULL,
  PRIMARY KEY (`id_proveedor`)
) ENGINE=InnoDB AUTO_INCREMENT=6 DEFAULT CHARSET=utf8mb4 COMMENT='Contiene los datos basicos de los proveedores inscritos ';

-- Volcando datos para la tabla yucatan.proveedores: ~5 rows (aproximadamente)
DELETE FROM `proveedores`;
/*!40000 ALTER TABLE `proveedores` DISABLE KEYS */;
INSERT INTO `proveedores` (`id_proveedor`, `nombre_comercial`, `nombre_fiscal`, `representante_legal`, `direccion`, `id_coordinacion`, `tipo_persona`, `subprogramas`, `presupuesto_asignado`) VALUES
	(1, 'MAYORISTA', 'MAYORISTA DEL SURESTE S. DE R.L. DE C.V.', 'PATRICIO CORREA LOSA', 'CALLE 9 #251C X 36 Y 38 COLONIA CAMPESTRE', 'YUC', 'moral', 'RF,AA', 3879310.34),
	(2, 'RODEKA', 'RODEKA DEL SURESTE S.A. DE C.V.', 'KARINA ROSAS DELGADO', 'CALLE 32A #510 X 9 Y 9A COLONIA MAYA CP 97134, MÉRIDA, YUCATÁN.', 'YUC', 'moral', 'RF,AA', 2068965.51),
	(3, 'CREDIPLUS', 'DISTRIBUIDORA ELECTRÓNICA DEL SURESTE S.A. DE C.V.', 'ALEJANDRO LOPEZ SEMERENA', 'CALLE 62 #596 X 73 Y 75 COLONIA CENTRO CP 97000 MÉRIDA, YUCATÁN', 'YUC', 'moral', 'RF,AA', 2586206.89),
	(4, 'HOGARCIA', 'JAVIER ROBERTO GARCIA CASELLAS', 'JAVIER ROBERTO GARCIA CASELLAS', 'CALLE 73 #542 X 68 Y 70 COLONIA CENTRO CP 97000 MÉRIDA, YUCATÁN', 'YUC', 'fisica', 'RF,AA', 3879310.34),
	(5, 'COMERMEX', 'COMERCIALIZADORA DE MUEBLES, ELECTRÓNICA Y REFRIGERACIÓN DE MÉXICO S.A. DE C.V.', 'SABRINA DAYANA FUENTE LOPEZ', 'CALLE 39 #243 X 8 Y 10 COLONIA LEANDRO VALLE CP 97143, MÉRIDA, YUCATÁN.', 'YUC', 'moral', 'RF,AA', 3017241.37);
/*!40000 ALTER TABLE `proveedores` ENABLE KEYS */;

-- Volcando estructura para tabla yucatan.status_sia
CREATE TABLE IF NOT EXISTS `status_sia` (
  `id_status` varchar(4) NOT NULL,
  `descripcion` varchar(50) DEFAULT NULL,
  `status_valido` varchar(3) DEFAULT NULL,
  `afecta_presupuesto` varchar(3) DEFAULT NULL,
  `xliberar` varchar(3) DEFAULT NULL,
  PRIMARY KEY (`id_status`)
) ENGINE=InnoDB DEFAULT CHARSET=utf8mb4 COMMENT='Contiene los distintos estatus de las solicitudes en el Sistema SIA';

-- Volcando datos para la tabla yucatan.status_sia: ~14 rows (aproximadamente)
DELETE FROM `status_sia`;
/*!40000 ALTER TABLE `status_sia` DISABLE KEYS */;
INSERT INTO `status_sia` (`id_status`, `descripcion`, `status_valido`, `afecta_presupuesto`, `xliberar`) VALUES
	('IMP', 'PARA IMPRESIÓN', 'SI', 'SI', 'Si'),
	('INE', 'INTEGRACIÓN DE EXPEDIENTE', 'SI', 'No', 'No'),
	('LSC', 'LIBERADA EN SCC', 'SI', 'SI', 'No'),
	('PEX', 'PAQUETE DE EXPEDIENTE', 'SI', 'SI', 'Si'),
	('PIN', 'PARA INSTALACIÓN', 'SI', 'SI', 'Si'),
	('PLI', 'PARA LIBERACION', 'SI', 'SI', 'Si'),
	('PPO', 'PARA PRESUPUESTO', 'SI', 'No', 'No'),
	('PSU', 'PARA SUPERVISION', 'SI', 'SI', 'Si'),
	('RAT', 'RECHAZADA ATENCION', 'No', 'No', 'No'),
	('REC', 'RECHAZADA CLIENTE', 'No', 'No', 'No'),
	('REX', 'RECEPCIÓN DE EXPEDIENTE', 'SI', 'SI', 'Si'),
	('SVT', 'SOLICITUD VENCIDA', 'No', 'No', 'No');
/*!40000 ALTER TABLE `status_sia` ENABLE KEYS */;

/*!40101 SET SQL_MODE=IFNULL(@OLD_SQL_MODE, '') */;
/*!40014 SET FOREIGN_KEY_CHECKS=IF(@OLD_FOREIGN_KEY_CHECKS IS NULL, 1, @OLD_FOREIGN_KEY_CHECKS) */;
/*!40101 SET CHARACTER_SET_CLIENT=@OLD_CHARACTER_SET_CLIENT */;
