RPU Solicitante,Solicitud PA,Solicitud SIA,Solixtra SIA,ID Presup,Programa,Sufijo SICOM,Fecha Alta SICOM,Fecha Alta PA,Fecha Pago,Total Prestamo,Total Capital,Total Interes,Total IVA,Dif Total,Dif Capital,Dif Interes,Dif IVA,ID Promo
774960202924,491110,YU000008,1,RU115968,5,2,20181023,20181023,2018-10-26,16825.92,10200,5712,913.92,702,425.92,238,38.08,0
773070703601,491111,YU000012,1,RU115970,5,1,20181023,20181023,2018-10-26,16825.92,10200,5712,913.92,702,425.92,238,38.08,0
773110400577,491633,YU000110,1,RU116434,5,1,20181109,20181109,2018-11-16,16825.92,10200,5712,913.92,702,425.92,238,38.08,0
774970901359,492349,YU000060,2,RU117422,5,1,20181207,20181207,2018-12-14,13920.2,9360.01,3931.2,628.992,774,520.66,218.4,34.94,0
773070900911,492400,YU000122,1,RU117453,5,1,20181210,20181210,2018-12-14,13920.2,9360.01,3931.2,628.992,774,520.66,218.4,34.94,0
774141001201,492402,YU000129,2,RU117419,5,1,20181210,20181210,2018-12-14,13920.2,9360.01,3931.2,628.992,774,520.66,218.4,34.94,0
771951103906,492403,YU000118,2,RU117423,5,1,20181210,20181210,2018-12-14,13920.2,9360.01,3931.2,628.992,774,520.66,218.4,34.94,0
774960902659,492437,YU000027,2,RU117455,5,1,20181211,20181211,2018-12-14,13920.2,9360.01,3931.2,628.992,774,520.66,218.4,34.94,0
774961101901,492438,YU000144,1,RU117572,5,1,20181211,20181211,2018-12-14,13920.2,9360.01,3931.2,628.992,774,520.66,218.4,34.94,0
774041001238,492440,YU000021,2,RU117457,5,1,20181211,20181211,2018-12-14,13920.2,9360.01,3931.2,628.992,774,520.66,218.4,34.94,0
774140803532,492442,YU000147,1,RU117589,5,1,20181211,20181211,2018-12-14,13920.2,9360.01,3931.2,628.992,774,520.66,218.4,34.94,0
776130201651,492443,YU000142,1,RU117562,5,1,20181211,20181211,2018-12-14,13920.2,9360.01,3931.2,628.992,774,520.66,218.4,34.94,0
774950302050,492474,YU000148,1,RU117591,5,2,20181212,20181212,2018-12-18,13920.2,9360.01,3931.2,628.992,774,520.66,218.4,34.94,0
772941101448,492505,YU000145,1,RU117576,5,2,20181213,20181213,2018-12-18,13920.2,9360.01,3931.2,628.992,774,520.66,218.4,34.94,0
772090802863,492516,YU000126,2,SU106000,7,1,20181213,20181213,2018-12-18,18228.08,11050,6188,990.08,760,460.92,257.83,41.25,0
770091000342,492519,YU000106,2,SU105923,7,1,20181213,20181213,2018-12-18,20438.54,12390,6938.4,1110.14,852,516.64,289.1,46.26,0
774020402658,492533,YU000068,2,RU117427,5,2,20181214,20181214,2018-12-18,13920.2,9360.01,3931.2,628.992,774,520.66,218.4,34.94,0
773140700516,492560,YU000121,1,RU117473,5,1,20181214,20181214,2018-12-18,13920.2,9360.01,3931.2,628.992,774,520.66,218.4,34.94,0
776130300373,492561,YU000127,3,RU117633,5,1,20181214,20181214,2018-12-18,13920.2,9360.01,3931.2,628.992,774,520.66,218.4,34.94,0
774060203461,492563,YU000149,1,RU117593,5,2,20181214,20181214,2018-12-18,13920.2,9360.01,3931.2,628.992,774,520.66,218.4,34.94,0
776100704658,492580,YU000128,2,RU117429,5,1,20181214,20181214,2018-12-18,13920.2,9360.01,3931.2,628.992,774,520.66,218.4,34.94,0
776080900919,492727,YU000133,3,SU106044,7,2,20181220,20181220,2018-12-26,18228.08,11050,6188,990.08,760,460.92,257.83,41.25,0
774940702491,492739,YU000058,2,RU117828,5,2,20181220,20181220,2018-12-26,13920.2,9360.01,3931.2,628.992,774,520.66,218.4,34.94,0
774950102034,492777,YU000022,2,RU117822,5,2,20181221,20181221,2018-12-26,13920.2,9360.01,3931.2,628.992,774,520.66,218.4,34.94,0
770090601792,492778,YU000165,1,RU117814,5,1,20181221,20181221,2018-12-26,13920.2,9360.01,3931.2,628.992,774,520.66,218.4,34.94,0
774150800558,492804,YU000050,2,RU117836,5,1,20181221,20181221,2018-12-26,13920.2,9360.01,3931.2,628.992,774,520.66,218.4,34.94,0
776100903715,492805,YU000072,3,RU117620,5,1,20181221,20181221,2018-12-26,13920.2,9360.01,3931.2,628.992,774,520.66,218.4,34.94,0
773040902693,492806,YU000164,1,RU117811,5,2,20181221,20181221,2018-12-26,13920.2,9360.01,3931.2,628.992,774,520.66,218.4,34.94,0
773050801585,492807,YU000176,1,RU118078,5,2,20181221,20181221,2018-12-26,16825.92,10200,5712,913.92,702,425.92,238,38.08,0
776091002327,492816,YU000169,1,RU117908,5,1,20181221,20181221,2018-12-26,13920.2,9360.01,3931.2,628.992,774,520.66,218.4,34.94,0
774941003139,492821,YU000018,2,RU117810,5,1,20181221,20181221,2018-12-26,13920.2,9360.01,3931.2,628.992,774,520.66,218.4,34.94,0
774960202703,492840,YU000017,4,SU106003,7,2,20181221,20181221,2018-12-26,18228.08,11050,6188,990.08,760,460.92,257.83,41.25,0
773970503012,492878,YU000037,2,RU117821,5,1,20181224,20181224,2019-01-08,13920.2,9360.01,3931.2,628.992,774,520.66,218.4,34.94,0
773960101307,492880,YU000143,1,RU117565,5,2,20181224,20181224,2019-01-08,13920.2,9360.01,3931.2,628.992,774,520.66,218.4,34.94,0
776121200994,492946,YU000111,2,SU106004,7,1,20181227,20181227,2019-01-08,18228.08,11050,6188,990.08,760,460.92,257.83,41.25,0
773910301674,492956,YU000172,1,RU118019,5,1,20181227,20181227,2019-01-08,13920.2,9360.01,3931.2,628.992,774,520.66,218.4,34.94,0
774950702309,492974,YU000038,2,RU117846,5,2,20181227,20181227,2019-01-08,13920.2,9360.01,3931.2,628.992,774,520.66,218.4,34.94,0
773100501898,493159,YU000213,1,RU118386,5,1,20190111,20190111,2019-01-18,16825.92,10200,5712,913.92,702,425.92,238,38.08,0
773100507624,493252,YU000123,3,RU118283,5,1,20190116,20190116,2019-01-22,13920.2,9360.01,3931.2,628.992,774,520.66,218.4,34.94,0
773840300225,493253,YU000132,3,RU118280,5,1,20190116,20190116,2019-01-22,13920.2,9360.01,3931.2,628.992,774,520.66,218.4,34.94,0
774980705612,493369,YU000171,2,RU118405,5,1,20190122,20190122,2019-01-29,13920.2,9360.01,3931.2,628.992,774,520.66,218.4,34.94,0
777130600951,493390,YU000236,1,RU118679,5,1,20190123,20190123,2019-01-29,16825.92,10200,5712,913.92,702,425.92,238,38.08,0
772930600396,493393,YU000109,5,RU118662,5,1,20190123,20190123,2019-01-29,13920.2,9360.01,3931.2,628.992,774,520.66,218.4,34.94,0
773130401928,493401,YU000217,1,RU118551,5,1,20190123,20190123,2019-01-29,13920.2,9360.01,3931.2,628.992,774,520.66,218.4,34.94,0
774941102668,493428,YU000224,1,RU118631,5,2,20190124,20190124,2019-01-29,13920.2,9360.01,3931.2,628.992,774,520.66,218.4,34.94,0
776120805736,493437,YU000194,2,RU118401,5,1,20190124,20190124,2019-01-29,13920.2,9360.01,3931.2,628.992,774,520.66,218.4,34.94,0
774940800621,493468,YU000019,3,RU118385,5,2,20190125,20190125,2019-01-29,13920.2,9360.01,3931.2,628.992,774,520.66,218.4,34.94,0
776150604212,493469,YU000218,1,RU118563,5,1,20190125,20190125,2019-01-29,13920.2,9360.01,3931.2,628.992,774,520.66,218.4,34.94,0
774960802115,493478,YU000023,2,RU118383,5,2,20190125,20190125,2019-01-29,13920.2,9360.01,3931.2,628.992,774,520.66,218.4,34.94,0
774941104920,493481,YU000223,3,RU118696,5,1,20190125,20190125,2019-01-29,13920.2,9360.01,3931.2,628.992,774,520.66,218.4,34.94,0
770120800213,493490,YU000245,1,RU118979,5,1,20190125,20190125,2019-02-01,16825.92,10200,5712,913.92,702,425.92,238,38.08,0
772060500820,493497,YU000219,1,RU118568,5,2,20190125,20190125,2019-01-29,13920.2,9360.01,3931.2,628.992,774,520.66,218.4,34.94,0
776110403575,493589,YU000216,1,RU118527,5,1,20190129,20190129,2019-02-01,13920.2,9360.01,3931.2,628.992,774,520.66,218.4,34.94,0
774110300633,493664,YU000248,1,RU119039,5,1,20190201,20190201,2019-02-05,13920.2,9360.01,3931.2,628.992,774,520.66,218.4,34.94,0
774950303170,493665,YU000261,1,RU119097,5,1,20190201,20190201,2019-02-05,13920.2,9360.01,3931.2,628.992,774,520.66,218.4,34.94,0
777071001649,493676,YU000063,4,RU118926,5,2,20190201,20190201,2019-02-05,13920.2,9360.01,3931.2,628.992,774,520.66,218.4,34.94,0
774121001140,493677,YU000069,3,RU119162,5,1,20190201,20190201,2019-02-05,13920.2,9360.01,3931.2,628.992,774,520.66,218.4,34.94,0
774961001329,493678,YU000246,1,RU119108,5,2,20190201,20190201,2019-02-05,13920.2,9360.01,3931.2,628.992,774,520.66,218.4,34.94,0
774941103109,493679,YU000014,3,RU118632,5,1,20190201,20190201,2019-02-05,13920.2,9360.01,3931.2,628.992,774,520.66,218.4,34.94,0
774001056251,493681,YU000191,3,RU118919,5,1,20190201,20190201,2019-02-05,13920.2,9360.01,3931.2,628.992,774,520.66,218.4,34.94,0
774060603222,493682,YU000241,2,RU119181,5,1,20190201,20190201,2019-02-05,13920.2,9360.01,3931.2,628.992,774,520.66,218.4,34.94,0
772820200694,493689,YU000262,1,RU119102,5,2,20190201,20190201,2019-02-05,13920.2,9360.01,3931.2,628.992,774,520.66,218.4,34.94,0
773870700821,493693,YU000252,2,RU119117,5,2,20190201,20190201,2019-02-05,13920.2,9360.01,3931.2,628.992,774,520.66,218.4,34.94,0
774750304465,493730,YU000212,1,SU106126,7,2,20190205,20190205,2019-02-08,18228.08,11050,6188,990.08,760,460.92,257.83,41.25,0
778840600069,493745,YU000254,2,RU119174,5,1,20190206,20190206,2019-02-15,13920.2,9360.01,3931.2,628.992,774,520.66,218.4,34.94,0
777141200211,493746,YU000255,1,RU119089,5,1,20190206,20190206,2019-02-15,13920.2,9360.01,3931.2,628.992,774,520.66,218.4,34.94,0
776130505838,493832,YU000154,3,RU118903,5,1,20190211,20190211,2019-02-15,13920.2,9360.01,3931.2,628.992,774,520.66,218.4,34.94,0
776000656664,493833,YU000156,2,RU118893,5,2,20190211,20190211,2019-02-15,13920.2,9360.01,3931.2,628.992,774,520.66,218.4,34.94,0
776001256121,493834,YU000181,2,RU119011,5,2,20190211,20190211,2019-02-15,13920.2,9360.01,3931.2,628.992,774,520.66,218.4,34.94,0
776960700374,493835,YU000264,1,RU119237,5,2,20190211,20190211,2019-02-15,13920.2,9360.01,3931.2,628.992,774,520.66,218.4,34.94,0
776080801431,493836,YU000157,2,RU118927,5,1,20190211,20190211,2019-02-15,13920.2,9360.01,3931.2,628.992,774,520.66,218.4,34.94,0
774950303765,493839,YU000125,2,RU119402,5,2,20190211,20190211,2019-02-15,16825.92,10200,5712,913.92,702,425.92,238,38.08,0
774021203471,493840,YU000277,1,RU119404,5,1,20190211,20190211,2019-02-15,16825.92,10200,5712,913.92,702,425.92,238,38.08,0
773961200708,493852,YU000247,2,RU119241,5,2,20190212,20190212,2019-02-19,13920.2,9360.01,3931.2,628.992,774,520.66,218.4,34.94,0
772030801311,493971,YU000244,2,RU119118,5,1,20190214,20190214,2019-02-19,13920.2,9360.01,3931.2,628.992,774,520.66,218.4,34.94,0
777070101437,493972,YU000268,1,RU119254,5,2,20190214,20190214,2019-02-19,13920.2,9360.01,3931.2,628.992,774,520.66,218.4,34.94,0
774030700924,493977,YU000134,2,RU118943,5,3,20190214,20190214,2019-02-19,13920.2,9360.01,3931.2,628.992,774,520.66,218.4,34.94,0
777140300203,493978,YU000137,2,RU118944,5,1,20190214,20190214,2019-02-19,16825.92,10200,5712,913.92,702,425.92,238,38.08,0
772100802204,493979,YU000174,2,RU118978,5,1,20190214,20190214,2019-02-19,13920.2,9360.01,3931.2,628.992,774,520.66,218.4,34.94,0
776980300755,493980,YU000183,2,RU118983,5,1,20190214,20190214,2019-02-19,13920.2,9360.01,3931.2,628.992,774,520.66,218.4,34.94,0
774031201433,493981,YU000266,1,RU119252,5,1,20190214,20190214,2019-02-19,13920.2,9360.01,3931.2,628.992,774,520.66,218.4,34.94,0
774000457219,494008,YU000280,2,RU119301,5,2,20190215,20190215,2019-02-19,13920.2,9360.01,3931.2,628.992,774,520.66,218.4,34.94,0
773030401700,494010,YU000284,1,RU119312,5,2,20190215,20190215,2019-02-19,13920.2,9360.01,3931.2,628.992,774,520.66,218.4,34.94,0
776811200202,494014,YU000162,3,RU119530,5,1,20190215,20190215,2019-02-19,13920.2,9360.01,3931.2,628.992,774,520.66,218.4,34.94,0
776970100456,494015,YU000166,2,RU119239,5,1,20190215,20190215,2019-02-19,13920.2,9360.01,3931.2,628.992,774,520.66,218.4,34.94,0
776970700488,494017,YU000276,1,RU119397,5,1,20190215,20190215,2019-02-19,13920.2,9360.01,3931.2,628.992,774,520.66,218.4,34.94,0
772841100533,494069,YU000269,1,RU119255,5,2,20190218,20190218,2019-02-22,13920.2,9360.01,3931.2,628.992,774,520.66,218.4,34.94,0
772970700865,494140,YU000281,1,RU119303,5,1,20190219,20190219,2019-02-22,13920.2,9360.01,3931.2,628.992,774,520.66,218.4,34.94,0
772070300039,494143,YU000283,1,RU119309,5,1,20190219,20190219,2019-02-22,13920.2,9360.01,3931.2,628.992,774,520.66,218.4,34.94,0
778900400251,494145,YU000256,1,RU119116,5,1,20190219,20190219,2019-02-22,13920.2,9360.01,3931.2,628.992,774,520.66,218.4,34.94,0
772890100191,494146,YU000015,3,SU106352,7,2,20190219,20190219,2019-02-26,12403.25,8340,3502.8,560.448,690,464.26,194.6,31.14,0
778001255984,494150,YU000242,3,RU119267,5,1,20190219,20190219,2019-02-22,13920.2,9360.01,3931.2,628.992,774,520.66,218.4,34.94,0
777160200787,494198,YU000299,1,RU119603,5,1,20190221,20190221,2019-02-26,16825.92,10200,5712,913.92,702,425.92,238,38.08,0
778921100125,494199,YU000253,2,RU119263,5,2,20190221,20190221,2019-02-26,13920.2,9360.01,3931.2,628.992,774,520.66,218.4,34.94,0
778071100121,494304,YU000289,2,RU119674,5,1,20190225,20190225,2019-03-01,13920.2,9360.01,3931.2,628.992,774,520.66,218.4,34.94,0
774080700534,494307,YU000282,1,RU119306,5,1,20190225,20190225,2019-03-01,13920.2,9360.01,3931.2,628.992,774,520.66,218.4,34.94,0
774941102897,494309,YU000294,1,RU119372,5,2,20190225,20190225,2019-03-01,13920.2,9360.01,3931.2,628.992,774,520.66,218.4,34.94,0
772061102607,494311,YU000329,1,RU119903,5,1,20190225,20190225,2019-03-01,16825.92,10200,5712,913.92,702,425.92,238,38.08,0
778870800178,494317,YU000293,1,RU119366,5,1,20190226,20190226,2019-03-01,13920.2,9360.01,3931.2,628.992,774,520.66,218.4,34.94,0
778121200318,494336,YU000296,3,RU119671,5,1,20190226,20190226,2019-03-01,13920.2,9360.01,3931.2,628.992,774,520.66,218.4,34.94,0
773120604502,494350,YU000325,1,RU119883,5,1,20190226,20190226,2019-03-01,13920.2,9360.01,3931.2,628.992,774,520.66,218.4,34.94,0
778060800040,494378,YU000292,2,RU119398,5,1,20190227,20190227,2019-03-05,13920.2,9360.01,3931.2,628.992,774,520.66,218.4,34.94,0
778950800187,494380,YU000288,1,RU119328,5,1,20190227,20190227,2019-03-05,13920.2,9360.01,3931.2,628.992,774,520.66,218.4,34.94,0
778990600091,494381,YU000313,1,RU119724,5,1,20190227,20190227,2019-03-05,13920.2,9360.01,3931.2,628.992,774,520.66,218.4,34.94,0
778910200101,494386,YU000315,1,RU119727,5,2,20190227,20190227,2019-03-05,13920.2,9360.01,3931.2,628.992,774,520.66,218.4,34.94,0
778991100068,494482,YU000287,1,RU119321,5,1,20190301,20190301,2019-03-05,13920.2,9360.01,3931.2,628.992,774,520.66,218.4,34.94,0
776060300303,494491,YU000185,2,RU118971,5,1,20190301,20190301,2019-03-08,13920.2,9360.01,3931.2,628.992,774,520.66,218.4,34.94,0
774000257252,494498,YU000327,1,RU119866,5,1,20190301,20190301,2019-03-05,13920.2,9360.01,3931.2,628.992,774,520.66,218.4,34.94,0
777120100569,494512,YU000298,1,RU119577,5,1,20190304,20190304,2019-03-08,13920.2,9360.01,3931.2,628.992,774,520.66,218.4,34.94,0
774000457171,494515,YU000318,1,RU119792,5,2,20190304,20190304,2019-03-08,13920.2,9360.01,3931.2,628.992,774,520.66,218.4,34.94,0
772150100057,494516,YU000267,2,RU119750,5,1,20190304,20190304,2019-03-08,13920.2,9360.01,3931.2,628.992,774,520.66,218.4,34.94,0
778060700657,494517,YU000291,2,RU119697,5,1,20190304,20190304,2019-03-08,13920.2,9360.01,3931.2,628.992,774,520.66,218.4,34.94,0
772030200643,494524,YU000303,1,RU119633,5,1,20190305,20190305,2019-03-08,13920.2,9360.01,3931.2,628.992,774,520.66,218.4,34.94,0
772100303186,494533,YU000379,1,RU120152,5,1,20190305,20190305,2019-03-12,14128.4,9500,3990,638.4,785,527.86,221.67,35.47,0
774991002176,494570,YU000394,1,RU120214,5,1,20190307,20190307,2019-03-15,14128.4,9500,3990,638.4,785,527.86,221.67,35.47,0
773050501000,494571,YU000030,4,RU119962,5,1,20190307,20190307,2019-03-15,13920.2,9360.01,3931.2,628.992,774,520.66,218.4,34.94,0
778940200335,494585,YU000243,3,RU119421,5,2,20190308,20190308,2019-03-15,13920.2,9360.01,3931.2,628.992,774,520.66,218.4,34.94,0
773141206787,494586,YU000272,1,RU119257,5,1,20190308,20190308,2019-03-15,13920.2,9360.01,3931.2,628.992,774,520.66,218.4,34.94,0
772800401057,494663,YU000388,1,RU120120,5,1,20190311,20190311,2019-03-15,13920.2,9360.01,3931.2,628.992,774,520.66,218.4,34.94,0
772151101197,494664,YU000170,2,RU119706,5,1,20190311,20190311,2019-03-15,13920.2,9360.01,3931.2,628.992,774,520.66,218.4,34.94,0
775960300451,494708,YU000353,1,RU120007,5,2,20190312,20190312,2019-03-15,13920.2,9360.01,3931.2,628.992,774,520.66,218.4,34.94,0
773100103051,494709,YU000413,1,RU120294,5,1,20190312,20190312,2019-03-15,14128.4,9500,3990,638.4,785,527.86,221.67,35.47,0
777141200270,494713,YU000367,1,RU120155,5,1,20190312,20190312,2019-03-15,12046.32,8100,3402,544.32,670,450.76,189,30.24,0
777140201507,494718,YU000404,1,RU120250,5,1,20190312,20190312,2019-03-15,9964.24,6700,2814,450.24,554,372.66,156.33,25.01,0
773910701826,494752,YU000338,1,RU119981,5,1,20190313,20190313,2019-03-19,13920.2,9360.01,3931.2,628.992,774,520.66,218.4,34.94,0
776091201141,494753,YU000324,1,RU119810,5,1,20190313,20190313,2019-03-19,13920.2,9360.01,3931.2,628.992,774,520.66,218.4,34.94,0
772920400259,494756,YU000414,3,RU120494,5,2,20190313,20190313,2019-03-19,14128.4,9500,3990,638.4,785,527.86,221.67,35.47,0
779070503228,494757,YU000423,1,RU120523,5,1,20190313,20190313,2019-03-19,14128.4,9500,3990,638.4,785,527.86,221.67,35.47,0
778950900157,494759,YU000306,1,RU119729,5,2,20190313,20190313,2019-03-19,13920.2,9360.01,3931.2,628.992,774,520.66,218.4,34.94,0
774841000205,494761,YU000393,2,SU107095,7,3,20190313,20190313,2019-03-19,25314.76,15346,8593.76,1375,1055,639.64,358.07,57.29,0
774980801620,494763,YU000449,2,RU120633,5,1,20190313,20190313,2019-03-19,14128.4,9500,3990,638.4,785,527.86,221.67,35.47,0
773910601180,494816,YU000332,1,RU119968,5,2,20190314,20190314,2019-03-19,13920.2,9360.01,3931.2,628.992,774,520.66,218.4,34.94,0
778931100115,494817,YU000339,2,RU119983,5,1,20190314,20190314,2019-03-19,13920.2,9360.01,3931.2,628.992,774,520.66,218.4,34.94,0
778090300611,494818,YU000273,1,RU119270,5,1,20190314,20190314,2019-03-19,13920.2,9360.01,3931.2,628.992,774,520.66,218.4,34.94,0
771870801455,494751,YU000373,1,RU120063,5,2,20190314,20190314,2019-03-19,13920.2,9360.01,3931.2,628.992,774,520.66,218.4,34.94,0
778140900118,494819,YU000274,1,RU119273,5,1,20190314,20190314,2019-03-19,13920.2,9360.01,3931.2,628.992,774,520.66,218.4,34.94,0
775840700196,494820,YU000354,1,RU120008,5,2,20190314,20190314,2019-03-19,13920.2,9360.01,3931.2,628.992,774,520.66,218.4,34.94,0
773040503438,494822,YU000425,1,RU120401,5,2,20190314,20190314,2019-03-19,14128.4,9500,3990,638.4,785,527.86,221.67,35.47,0
778970900374,494834,YU000347,1,RU119992,5,1,20190314,20190314,2019-03-19,13920.2,9360.01,3931.2,628.992,774,520.66,218.4,34.94,0
778130700731,494835,YU000310,1,RU119741,5,1,20190314,20190314,2019-03-19,13920.2,9360.01,3931.2,628.992,774,520.66,218.4,34.94,0
778080600136,494836,YU000330,1,RU119939,5,1,20190314,20190314,2019-03-19,13920.2,9360.01,3931.2,628.992,774,520.66,218.4,34.94,0
777120300479,494868,YU000408,1,RU120283,5,1,20190315,20190315,2019-03-19,12046.32,8100,3402,544.32,670,450.76,189,30.24,0
777150102787,494875,YU000459,1,RU120682,5,1,20190315,20190315,2019-03-19,12046.32,8100,3402,544.32,670,450.76,189,30.24,0
775150501301,494876,YU000372,1,RU120061,5,1,20190319,20190319,2019-03-22,12046.32,8100,3402,544.32,670,450.76,189,30.24,0
775941000012,494877,YU000370,1,RU120057,5,2,20190319,20190319,2019-03-22,12046.32,8100,3402,544.32,670,450.76,189,30.24,0
770980100502,494880,YU000340,1,RU119986,5,2,20190319,20190319,2019-03-22,12046.32,8100,3402,544.32,670,450.76,189,30.24,0
774040602203,494881,YU000350,1,RU120002,5,1,20190319,20190319,2019-03-22,12046.32,8100,3402,544.32,670,450.76,189,30.24,0
773950500408,494882,YU000357,1,RU120035,5,2,20190319,20190319,2019-03-22,12046.32,8100,3402,544.32,670,450.76,189,30.24,0
778120300131,494909,YU000337,1,RU119980,5,1,20190319,20190319,2019-03-22,13920.2,9360.01,3931.2,628.992,774,520.66,218.4,34.94,0
773140504741,494867,YU000377,1,RU120066,5,1,20190321,20190321,2019-03-26,13920.2,9360.01,3931.2,628.992,774,520.66,218.4,34.94,0
774060402171,494937,YU000418,1,RU120338,5,2,20190321,20190321,2019-03-26,14128.4,9500,3990,638.4,785,527.86,221.67,35.47,0
771131102328,494945,YU000427,1,RU120435,5,1,20190321,20190321,2019-03-26,12046.32,8100,3402,544.32,670,450.76,189,30.24,0
770770600189,494955,YU000301,1,RU119631,5,2,20190321,20190321,2019-03-26,13920.2,9360.01,3931.2,628.992,774,520.66,218.4,34.94,0
773770900114,494956,YU000328,1,RU119872,5,1,20190321,20190321,2019-03-26,13920.2,9360.01,3931.2,628.992,774,520.66,218.4,34.94,0
772750404441,494957,YU000376,1,RU120065,5,1,20190321,20190321,2019-03-26,13920.2,9360.01,3931.2,628.992,774,520.66,218.4,34.94,0
777060301225,494959,YU000386,1,RU120092,5,1,20190321,20190321,2019-03-26,12046.32,8100,3402,544.32,670,450.76,189,30.24,0
774050100168,494960,YU000403,1,RU120249,5,1,20190321,20190321,2019-03-26,12046.32,8100,3402,544.32,670,450.76,189,30.24,0
778050800211,495015,YU000249,3,RU120723,5,2,20190322,20190322,2019-03-26,13920.2,9360.01,3931.2,628.992,774,520.66,218.4,34.94,0
776130502804,495016,YU000271,2,SU106645,7,1,20190322,20190322,2019-03-26,18228.08,11050,6188,990.08,760,460.92,257.83,41.25,0
778820600127,495017,YU000322,1,RU119798,5,2,20190322,20190322,2019-03-26,13920.2,9360.01,3931.2,628.992,774,520.66,218.4,34.94,0
774110902722,495018,YU000387,1,RU120113,5,1,20190322,20190322,2019-03-26,13920.2,9360.01,3931.2,628.992,774,520.66,218.4,34.94,0
778980900194,495019,YU000405,1,RU120388,5,1,20190322,20190322,2019-03-26,14128.4,9500,3990,638.4,785,527.86,221.67,35.47,0
778140100049,495020,YU000406,1,RU120311,5,1,20190322,20190322,2019-03-26,14128.4,9500,3990,638.4,785,527.86,221.67,35.47,0
778940100314,495021,YU000410,1,RU120307,5,1,20190322,20190322,2019-03-26,14128.4,9500,3990,638.4,785,527.86,221.67,35.47,0
778010100586,495023,YU000434,1,RU120557,5,1,20190322,20190322,2019-03-26,14128.4,9500,3990,638.4,785,527.86,221.67,35.47,0
772960901111,495027,YU000270,1,RU119256,5,2,20190322,20190322,2019-03-26,13920.2,9360.01,3931.2,628.992,774,520.66,218.4,34.94,0
778940200092,495028,YU000319,1,RU119793,5,2,20190322,20190322,2019-03-26,13920.2,9360.01,3931.2,628.992,774,520.66,218.4,34.94,0
771850500858,495039,YU000358,2,RU120345,5,1,20190322,20190322,2019-03-26,13920.2,9360.01,3931.2,628.992,774,520.66,218.4,34.94,0
775081000826,495040,YU000402,1,RU120248,5,2,20190322,20190322,2019-03-26,14128.4,9500,3990,638.4,785,527.86,221.67,35.47,0
772140402144,495062,YU000428,1,RU120479,5,1,20190322,20190322,2019-03-26,14128.4,9500,3990,638.4,785,527.86,221.67,35.47,0
775891100240,495063,YU000326,1,RU119863,5,1,20190322,20190322,2019-03-29,12046.32,8100,3402,544.32,670,450.76,189,30.24,0
772050401891,495071,YU000349,1,RU120001,5,2,20190322,20190322,2019-03-29,12046.32,8100,3402,544.32,670,450.76,189,30.24,0
775111100642,495073,YU000362,1,RU120047,5,1,20190322,20190322,2019-03-29,12046.32,8100,3402,544.32,670,450.76,189,30.24,0
777131003069,495074,YU000374,1,RU120070,5,1,20190322,20190322,2019-03-29,12046.32,8100,3402,544.32,670,450.76,189,30.24,0
778020400618,495075,YU000400,1,RU120379,5,2,20190322,20190322,2019-03-26,14128.4,9500,3990,638.4,785,527.86,221.67,35.47,0
777070600786,495077,YU000383,1,RU120087,5,1,20190322,20190322,2019-03-26,12046.32,8100,3402,544.32,670,450.76,189,30.24,0
774131001377,495107,YU000302,1,RU119635,5,1,20190325,20190325,2019-03-29,13920.2,9360.01,3931.2,628.992,774,520.66,218.4,34.94,0
771960900517,495108,YU000371,1,RU120058,5,2,20190325,20190325,2019-03-29,13920.2,9360.01,3931.2,628.992,774,520.66,218.4,34.94,0
776130702463,495109,YU000412,2,RU120634,5,1,20190325,20190325,2019-03-29,14128.4,9500,3990,638.4,785,527.86,221.67,35.47,0
776070703791,495110,YU000396,1,RU120226,5,2,20190325,20190325,2019-03-29,12046.32,8100,3402,544.32,670,450.76,189,30.24,0
777150801910,495138,YU000361,1,RU120064,5,1,20190325,20190325,2019-03-29,12046.32,8100,3402,544.32,670,450.76,189,30.24,0
778950500094,495152,YU000443,1,RU120558,5,1,20190326,20190326,2019-03-29,14128.4,9500,3990,638.4,785,527.86,221.67,35.47,0
778951000117,495157,YU000438,1,RU120605,5,2,20190326,20190326,2019-03-29,14128.4,9500,3990,638.4,785,527.86,221.67,35.47,0
776080104365,495185,YU000426,1,RU120410,5,1,20190326,20190326,2019-03-29,12046.32,8100,3402,544.32,670,450.76,189,30.24,0
771950401181,495215,YU000445,1,RU120564,5,2,20190327,20190327,2019-04-02,14128.4,9500,3990,638.4,785,527.86,221.67,35.47,0
773100302585,495235,YU000419,1,RU120351,5,1,20190327,20190327,2019-04-02,14128.4,9500,3990,638.4,785,527.86,221.67,35.47,0
773071005835,495242,YU000395,1,RU120212,5,1,20190327,20190327,2019-04-02,12046.32,8100,3402,544.32,670,450.76,189,30.24,0
770060100934,495243,YU000452,1,RU120625,5,2,20190327,20190327,2019-04-02,12046.32,8100,3402,544.32,670,450.76,189,30.24,0
772040100515,495244,YU000424,1,RU120400,5,1,20190327,20190327,2019-04-02,14128.4,9500,3990,638.4,785,527.86,221.67,35.47,0
771980203928,495262,YU000381,1,RU120073,5,1,20190327,20190327,2019-04-02,13920.2,9360.01,3931.2,628.992,774,520.66,218.4,34.94,0
777051000671,495289,YU000478,2,RU121002,5,1,20190328,20190328,2019-04-02,17155.85,10400,5824,931.84,715,433.5,242.67,38.83,0
774960101192,495294,YU000467,1,RU120733,5,2,20190328,20190328,2019-04-02,17155.85,10400,5824,931.84,715,433.5,242.67,38.83,0
772061201362,495308,YU000421,1,RU120355,5,1,20190328,20190328,2019-04-02,12046.32,8100,3402,544.32,670,450.76,189,30.24,0
778930500209,495310,YU000290,2,RU119650,5,2,20190328,20190328,2019-04-02,13920.2,9360.01,3931.2,628.992,774,520.66,218.4,34.94,0
776070702809,495311,YU000432,2,SU107325,7,1,20190328,20190328,2019-04-02,18228.08,11050,6188,990.08,760,460.92,257.83,41.25,0
773070702419,495312,YU000446,2,RU120880,5,1,20190328,20190328,2019-04-02,14128.4,9500,3990,638.4,785,527.86,221.67,35.47,0
773120705112,495313,YU000448,2,RU120667,5,1,20190328,20190328,2019-04-02,14128.4,9500,3990,638.4,785,527.86,221.67,35.47,0
773080805046,495314,YU000453,1,RU120658,5,2,20190328,20190328,2019-04-02,14128.4,9500,3990,638.4,785,527.86,221.67,35.47,0
777150502131,495315,YU000454,1,RU120669,5,1,20190328,20190328,2019-04-02,14128.4,9500,3990,638.4,785,527.86,221.67,35.47,0
774920601206,495316,YU000455,1,RU120672,5,3,20190328,20190328,2019-04-02,14128.4,9500,3990,638.4,785,527.86,221.67,35.47,0
773080509196,495317,YU000456,2,RU120871,5,1,20190328,20190328,2019-04-02,14128.4,9500,3990,638.4,785,527.86,221.67,35.47,0
770001255703,495318,YU000457,1,RU120677,5,2,20190328,20190328,2019-04-02,14128.4,9500,3990,638.4,785,527.86,221.67,35.47,0
773090100482,495340,YU000430,1,RU120483,5,2,20190328,20190328,2019-04-02,14128.4,9500,3990,638.4,785,527.86,221.67,35.47,0
778031100233,495342,YU000469,1,RU120886,5,1,20190328,20190328,2019-04-02,14128.4,9500,3990,638.4,785,527.86,221.67,35.47,0
778140900088,495343,YU000250,4,RU121011,5,1,20190328,20190328,2019-04-02,13920.2,9360.01,3931.2,628.992,774,520.66,218.4,34.94,0
772800204227,495354,YU000451,1,RU120619,5,1,20190328,20190328,2019-04-02,12046.32,8100,3402,544.32,670,450.76,189,30.24,0
772110702909,495423,YU000364,1,RU120051,5,1,20190329,20190329,2019-04-02,12046.32,8100,3402,544.32,670,450.76,189,30.24,0
777110901423,495425,YU000487,1,RU120856,5,1,20190329,20190329,2019-04-02,12046.32,8100,3402,544.32,670,450.76,189,30.24,0
778000156133,495426,YU000317,1,RU119769,5,1,20190329,20190329,2019-04-02,13920.2,9360.01,3931.2,628.992,774,520.66,218.4,34.94,0
772151101171,495339,YU000415,1,RU120309,5,1,20190329,20190329,2019-04-02,14128.4,9500,3990,638.4,785,527.86,221.67,35.47,0
772001257814,495427,YU000475,1,RU120755,5,2,20190329,20190329,2019-04-02,12046.32,8100,3402,544.32,670,450.76,189,30.24,0
771110706720,495443,YU000492,1,RU120981,5,1,20190329,20190329,2019-04-02,14128.4,9500,3990,638.4,785,527.86,221.67,35.47,0
772121002674,495476,YU000307,2,RU121099,5,1,20190329,20190329,2019-04-02,13920.2,9360.01,3931.2,628.992,774,520.66,218.4,34.94,0
773991103863,495477,YU000482,1,RU120806,5,2,20190329,20190329,2019-04-02,14128.4,9500,3990,638.4,785,527.86,221.67,35.47,0
772031200591,495478,YU000480,1,RU120804,5,2,20190329,20190329,2019-04-02,14128.4,9500,3990,638.4,785,527.86,221.67,35.47,0
777070500854,495559,YU000522,1,RU121144,5,1,20190402,20190402,2019-04-10,12046.32,8100,3402,544.32,670,450.76,189,30.24,0
774111001800,495560,YU000375,2,RU120347,5,1,20190402,20190402,2019-04-05,13920.2,9360.01,3931.2,628.992,774,520.66,218.4,34.94,0
775920100092,495564,YU000447,1,RU120602,5,2,20190402,20190402,2019-04-05,13920.2,9360.01,3931.2,628.992,774,520.66,218.4,34.94,0
778060500160,495593,YU000311,1,RU119719,5,2,20190403,20190403,2019-04-10,13920.2,9360.01,3931.2,628.992,774,520.66,218.4,34.94,0
778941000305,495594,YU000259,2,RU121095,5,1,20190403,20190403,2019-04-10,13920.2,9360.01,3931.2,628.992,774,520.66,218.4,34.94,0
778020400456,495595,YU000257,3,RU121241,5,1,20190403,20190403,2019-04-10,13920.2,9360.01,3931.2,628.992,774,520.66,218.4,34.94,0
777000457196,495599,YU000422,1,RU120357,5,1,20190403,20190403,2019-04-10,12046.32,8100,3402,544.32,670,450.76,189,30.24,0
778810300231,495601,YU000275,3,RU121327,5,1,20190403,20190403,2019-04-10,13920.2,9360.01,3931.2,628.992,774,520.66,218.4,34.94,0
773970601383,495604,YU000484,1,RU120812,5,2,20190403,20190403,2019-04-10,14128.4,9500,3990,638.4,785,527.86,221.67,35.47,0
777950100162,495605,YU000506,1,RU121086,5,2,20190403,20190403,2019-04-10,14128.4,9500,3990,638.4,785,527.86,221.67,35.47,0
778120600622,495609,YU000464,1,RU120942,5,1,20190403,20190403,2019-04-10,14128.4,9500,3990,638.4,785,527.86,221.67,35.47,0
770070301482,495616,YU000481,1,RU120805,5,2,20190403,20190403,2019-04-10,17155.85,10400,5824,931.84,715,433.5,242.67,38.83,0
773090206388,495617,YU000512,1,RU121297,5,2,20190403,20190403,2019-04-10,14128.4,9500,3990,638.4,785,527.86,221.67,35.47,0
778110600446,495644,YU000465,1,RU120938,5,1,20190404,20190404,2019-04-16,14128.4,9500,3990,638.4,785,527.86,221.67,35.47,0
777100902391,495669,YU000504,1,RU121048,5,1,20190405,20190405,2019-04-10,14128.4,9500,3990,638.4,785,527.86,221.67,35.47,0
777120403685,495682,YU000524,1,RU121170,5,1,20190405,20190405,2019-04-10,12046.32,8100,3402,544.32,670,450.76,189,30.24,0
777770400028,495684,YU000507,1,RU121298,5,2,20190405,20190405,2019-04-10,14128.4,9500,3990,638.4,785,527.86,221.67,35.47,0
770110200382,495689,YU000431,1,RU121085,5,1,20190405,20190405,2019-04-10,12046.32,8100,3402,544.32,670,450.76,189,30.24,0
777150501274,495698,YU000525,1,RU121190,5,1,20190405,20190405,2019-04-10,12046.32,8100,3402,544.32,670,450.76,189,30.24,0
777131103306,495728,YU000384,1,RU120088,5,1,20190409,20190409,2019-04-12,9964.24,6700,2814,450.24,554,372.66,156.33,25.01,0
777080201090,495729,YU000521,1,RU121141,5,1,20190409,20190409,2019-04-12,14574.56,9800,4116,658.56,810,544.74,228.67,36.59,0
774980704306,495741,YU000305,2,RU119951,5,2,20190409,20190409,2019-04-12,13920.2,9360.01,3931.2,628.992,774,520.66,218.4,34.94,0
774130201216,495742,YU000308,1,RU119690,5,1,20190409,20190409,2019-04-12,13920.2,9360.01,3931.2,628.992,774,520.66,218.4,34.94,0
772100103314,495743,YU000309,2,RU121329,5,1,20190409,20190409,2019-04-12,13920.2,9360.01,3931.2,628.992,774,520.66,218.4,34.94,0
773041202075,495744,YU000488,1,RU120955,5,2,20190409,20190409,2019-04-12,17155.85,10400,5824,931.84,715,433.5,242.67,38.83,0
777081200763,495745,YU000502,1,RU121017,5,1,20190409,20190409,2019-04-12,14128.4,9500,3990,638.4,785,527.86,221.67,35.47,0
777150900527,495746,YU000503,1,RU121018,5,1,20190409,20190409,2019-04-12,14128.4,9500,3990,638.4,785,527.86,221.67,35.47,0
773080602161,495748,YU000527,2,RU121288,5,2,20190409,20190409,2019-04-12,17155.85,10400,5824,931.84,715,433.5,242.67,38.83,0
773780400390,495782,YU000345,1,RU119989,5,2,20190409,20190409,2019-04-12,13920.2,9360.01,3931.2,628.992,774,520.66,218.4,34.94,0
774941202808,495795,YU000501,2,RU121096,5,2,20190409,20190409,2019-04-12,13920.2,9360.01,3931.2,628.992,774,520.66,218.4,34.94,0
773061001947,495796,YU000479,1,RU120802,5,1,20190409,20190409,2019-04-12,12046.32,8100,3402,544.32,670,450.76,189,30.24,0
774110501078,495816,YU000542,2,RU121357,5,1,20190409,20190409,2019-04-12,14128.4,9500,3990,638.4,785,527.86,221.67,35.47,0
774110700534,495817,YU000528,1,RU121220,5,1,20190409,20190409,2019-04-12,14128.4,9500,3990,638.4,785,527.86,221.67,35.47,0
772030500272,495870,YU000392,2,RU120785,5,2,20190410,20190410,2019-04-16,12046.32,8100,3402,544.32,670,450.76,189,30.24,0
777940400699,495895,YU000526,1,RU121191,5,2,20190411,20190411,2019-04-16,14128.4,9500,3990,638.4,785,527.86,221.67,35.47,0
777140501331,495897,YU000390,2,RU121275,5,1,20190411,20190411,2019-04-23,12046.32,8100,3402,544.32,670,450.76,189,30.24,0
778080300329,495904,YU000407,1,RU120433,5,1,20190411,20190411,2019-04-16,14128.4,9500,3990,638.4,785,527.86,221.67,35.47,0
772771000145,495896,YU000560,1,RU121365,5,1,20190411,20190411,2019-04-16,14128.4,9500,3990,638.4,785,527.86,221.67,35.47,0
776080201565,495908,YU000352,2,RU121634,5,1,20190411,20190411,2019-04-16,13920.2,9360.01,3931.2,628.992,774,520.66,218.4,34.94,0
773980602388,495925,YU000441,1,SU107273,7,2,20190411,20190411,2019-04-16,18228.08,11050,6188,990.08,760,460.92,257.83,41.25,0
777080801313,495926,YU000505,1,RU121047,5,1,20190411,20190411,2019-04-16,14128.4,9500,3990,638.4,785,527.86,221.67,35.47,0
774050202564,495939,YU000510,1,RU121100,5,2,20190412,20190412,2019-04-23,12046.32,8100,3402,544.32,670,450.76,189,30.24,0
771910900745,495940,YU000544,1,RU121257,5,1,20190412,20190412,2019-04-23,14128.4,9500,3990,638.4,785,527.86,221.67,35.47,0
773961100355,495943,YU000334,2,RU120567,5,1,20190412,20190412,2019-04-23,12046.32,8100,3402,544.32,670,450.76,189,30.24,0
771000358840,495944,YU000476,1,RU120760,5,1,20190412,20190412,2019-04-23,12046.32,8100,3402,544.32,670,450.76,189,30.24,0
772950301816,495947,YU000385,2,RU121300,5,2,20190412,20190412,2019-04-23,12046.32,8100,3402,544.32,670,450.76,189,30.24,0
777140900243,495948,YU000416,1,RU120321,5,1,20190412,20190412,2019-04-23,14128.4,9500,3990,638.4,785,527.86,221.67,35.47,0
778120200403,495998,YU000346,1,RU119994,5,1,20190412,20190412,2019-04-23,13920.2,9360.01,3931.2,628.992,774,520.66,218.4,34.94,0
777150702369,496001,YU000529,1,RU121221,5,1,20190412,20190412,2019-04-23,14128.4,9500,3990,638.4,785,527.86,221.67,35.47,0
772050802194,496071,YU000571,1,RU121401,5,2,20190415,20190415,2019-04-23,12046.32,8100,3402,544.32,670,450.76,189,30.24,0
776080500732,496072,YU000572,1,RU121404,5,1,20190415,20190415,2019-04-23,12046.32,8100,3402,544.32,670,450.76,189,30.24,0
770001257757,496073,YU000577,1,RU121472,5,1,20190415,20190415,2019-04-23,12046.32,8100,3402,544.32,670,450.76,189,30.24,0
773051104292,496099,YU000511,1,RU121124,5,2,20190415,20190415,2019-04-23,17155.85,10400,5824,931.84,715,433.5,242.67,38.83,0
778971200309,496104,YU000435,2,RU120632,5,1,20190415,20190415,2019-04-23,14128.4,9500,3990,638.4,785,527.86,221.67,35.47,0
771801000068,496164,YU000420,2,RU121052,5,2,20190417,20190417,2019-04-23,14128.4,9500,3990,638.4,785,527.86,221.67,35.47,0
773930401306,496171,YU000378,2,RU121857,5,2,20190417,20190417,2019-04-23,13920.2,9360.01,3931.2,628.992,774,520.66,218.4,34.94,0
778030300174,496172,YU000468,1,RU120882,5,1,20190417,20190417,2019-04-23,14128.4,9500,3990,638.4,785,527.86,221.67,35.47,0
772111102131,496173,YU000590,1,RU121518,5,1,20190417,20190417,2019-04-23,14574.56,9800,4116,658.56,810,544.74,228.67,36.59,0
774080101541,496191,YU000163,2,RU121517,5,1,20190417,20190417,2019-04-23,14574.56,9800,4116,658.56,810,544.74,228.67,36.59,0
776081006120,496196,YU000491,2,RU121509,5,2,20190417,20190417,,12046.32,8100,3402,544.32,670,450.76,189,30.24,0
774070600221,496200,YU000553,1,RU121334,5,2,20190417,20190417,2019-04-23,12046.32,8100,3402,544.32,670,450.76,189,30.24,0
774040401470,496201,YU000635,1,RU121852,5,2,20190417,20190417,2019-04-23,15466.88,10400,4368,698.88,860,578.5,242.67,38.83,0
772950900116,496316,YU000576,1,RU121471,5,1,20190423,20190423,2019-04-26,12046.32,8100,3402,544.32,670,450.76,189,30.24,0
774040505216,496317,YU000490,2,RU121606,5,2,20190423,20190423,,12046.32,8100,3402,544.32,670,450.76,189,30.24,0
776090304117,496318,YU000477,1,RU120801,5,1,20190423,20190423,2019-04-26,12046.32,8100,3402,544.32,670,450.76,189,30.24,0
778151100091,496494,YU000472,1,RU120943,5,1,20190426,20190426,2019-04-30,14128.4,9500,3990,638.4,785,527.86,221.67,35.47,0
778850400157,496527,YU000497,1,RU121616,5,1,20190426,20190426,2019-04-30,14128.4,9500,3990,638.4,785,527.86,221.67,35.47,0
777091201041,496528,YU000518,1,RU121358,5,1,20190426,20190426,2019-04-30,14128.4,9500,3990,638.4,785,527.86,221.67,35.47,0
778040700561,496529,YU000562,1,RU121373,5,1,20190426,20190426,2019-04-30,14128.4,9500,3990,638.4,785,527.86,221.67,35.47,0
778960400209,496530,YU000568,1,RU121445,5,1,20190426,20190426,2019-04-30,14128.4,9500,3990,638.4,785,527.86,221.67,35.47,0
778110600888,496531,YU000343,2,RU121888,5,1,20190426,20190426,2019-04-30,13920.2,9360.01,3931.2,628.992,774,520.66,218.4,34.94,0
777090600499,496533,YU000574,1,RU121459,5,2,20190426,20190426,2019-04-30,14128.4,9500,3990,638.4,785,527.86,221.67,35.47,0
773050600547,496534,YU000592,1,RU121543,5,1,20190426,20190426,2019-04-30,17155.85,10400,5824,931.84,715,433.5,242.67,38.83,0
778141201167,496535,YU000605,1,RU121644,5,1,20190426,20190426,2019-04-30,14128.4,9500,3990,638.4,785,527.86,221.67,35.47,0
773110500725,496536,YU000648,1,RU121946,5,1,20190426,20190426,2019-04-30,17155.85,10400,5824,931.84,715,433.5,242.67,38.83,0
772791207552,496538,YU000331,2,RU121808,5,1,20190426,20190426,2019-04-30,14128.4,9500,3990,638.4,785,527.86,221.67,35.47,0
777760900049,496539,YU000508,2,RU121324,5,2,20190426,20190426,2019-04-30,14128.4,9500,3990,638.4,785,527.86,221.67,35.47,0
776090300308,496540,YU000591,2,RU121814,5,1,20190426,20190426,2019-04-30,14128.4,9500,3990,638.4,785,527.86,221.67,35.47,0
778101200621,496541,YU000598,1,RU121592,5,1,20190426,20190426,2019-04-30,14128.4,9500,3990,638.4,785,527.86,221.67,35.47,0
777091200869,496545,YU000565,1,RU121382,5,1,20190426,20190426,2019-04-30,14128.4,9500,3990,638.4,785,527.86,221.67,35.47,0
773060200920,496546,YU000608,1,RU121680,5,1,20190426,20190426,2019-04-30,14128.4,9500,3990,638.4,785,527.86,221.67,35.47,0
778080900407,496547,YU000612,1,RU121686,5,1,20190426,20190426,2019-04-30,14128.4,9500,3990,638.4,785,527.86,221.67,35.47,0
778000956334,496551,YU000500,1,RU121622,5,1,20190426,20190426,2019-04-30,14128.4,9500,3990,638.4,785,527.86,221.67,35.47,0
778090802063,496552,YU000569,1,RU121407,5,1,20190426,20190426,2019-04-30,14128.4,9500,3990,638.4,785,527.86,221.67,35.47,0
777001155762,496553,YU000573,1,RU121442,5,2,20190426,20190426,2019-04-30,14128.4,9500,3990,638.4,785,527.86,221.67,35.47,0
773820900684,496554,YU000653,1,RU121962,5,2,20190426,20190426,2019-04-30,17155.85,10400,5824,931.84,715,433.5,242.67,38.83,0
776120102689,496630,YU000600,1,RU121605,5,1,20190429,20190429,,18145.54,11000,6159.98,985.597,757,459.26,256.67,41.07,0
772960101963,496631,YU000670,1,RU122046,5,1,20190429,20190429,,14128.4,9500,3990,638.4,785,527.86,221.67,35.47,0
773070502428,496633,YU000550,1,RU121286,5,1,20190429,20190429,2019-05-03,12046.32,8100,3402,544.32,670,450.76,189,30.24,0
773070900334,496634,YU000558,1,RU121354,5,1,20190429,20190429,2019-05-03,12046.32,8100,3402,544.32,670,450.76,189,30.24,0
774880301191,496636,YU000599,1,RU121594,5,1,20190429,20190429,2019-05-03,12046.32,8100,3402,544.32,670,450.76,189,30.24,0
777150400192,496638,YU000495,1,RU121452,5,1,20190429,20190429,2019-05-08,14128.4,9500,3990,638.4,785,527.86,221.67,35.47,0
777000457137,496639,YU000579,1,RU121502,5,1,20190429,20190429,2019-05-03,12046.32,8100,3402,544.32,670,450.76,189,30.24,0
777120202761,496710,YU000660,1,RU121988,5,1,20190430,20190430,2019-05-03,12046.32,8100,3402,544.32,670,450.76,189,30.24,0
773821000245,496711,YU000697,1,RU122136,5,2,20190430,20190430,2019-05-03,15466.88,10400,4368,698.88,860,578.5,242.67,38.83,0
778940600317,496714,YU000260,3,RU121114,5,2,20190430,20190430,2019-05-08,13920.2,9360.01,3931.2,628.992,774,520.66,218.4,34.94,0
778101200974,496716,YU000564,1,RU121381,5,1,20190430,20190430,2019-05-08,14128.4,9500,3990,638.4,785,527.86,221.67,35.47,0
774750701022,496717,YU000594,1,RU121584,5,2,20190430,20190430,2019-05-08,14128.4,9500,3990,638.4,785,527.86,221.67,35.47,0
773940801574,496718,YU000607,1,RU121672,5,1,20190430,20190430,2019-05-08,17155.85,10400,5824,931.84,715,433.5,242.67,38.83,0
776101201668,496720,YU000575,1,RU121462,5,1,20190430,20190430,2019-05-08,14128.4,9500,3990,638.4,785,527.86,221.67,35.47,0
772100801640,496721,YU000578,1,RU121500,5,1,20190430,20190430,2019-05-08,17155.85,10400,5824,931.84,715,433.5,242.67,38.83,0
771901000219,496722,YU000585,1,RU121506,5,1,20190430,20190430,2019-05-08,17155.85,10400,5824,931.84,715,433.5,242.67,38.83,0
778130400087,496723,YU000613,1,RU121692,5,1,20190430,20190430,2019-05-08,14128.4,9500,3990,638.4,785,527.86,221.67,35.47,0
777020900916,496724,YU000659,1,RU121969,5,1,20190430,20190430,2019-05-08,17155.85,10400,5824,931.84,715,433.5,242.67,38.83,0
778090900677,496725,YU000552,1,RU121316,5,1,20190430,20190430,2019-05-08,14128.4,9500,3990,638.4,785,527.86,221.67,35.47,0
777870800520,496726,YU000643,2,RU121986,5,2,20190430,20190430,2019-05-08,17155.85,10400,5824,931.84,715,433.5,242.67,38.83,0
776090304214,496728,YU000559,1,RU121363,5,1,20190430,20190430,2019-05-08,14128.4,9500,3990,638.4,785,527.86,221.67,35.47,0
774001159874,496729,YU000563,1,RU121380,5,1,20190430,20190430,2019-05-08,17155.85,10400,5824,931.84,715,433.5,242.67,38.83,0
772900701571,496730,YU000652,1,RU121959,5,1,20190430,20190430,2019-05-03,15466.88,10400,4368,698.88,860,578.5,242.67,38.83,0
773000155925,496731,YU000499,1,RU121455,5,1,20190430,20190430,2019-05-08,14128.4,9500,3990,638.4,785,527.86,221.67,35.47,0
771750605369,496824,YU000620,1,RU121757,5,1,20190502,20190502,2019-05-08,14128.4,9500,3990,638.4,785,527.86,221.67,35.47,0
777990400622,496831,YU000523,1,RU121150,5,2,20190502,20190502,2019-05-08,12046.32,8100,3402,544.32,670,450.76,189,30.24,0
777040301741,496832,YU000570,1,RU121398,5,1,20190502,20190502,2019-05-08,17155.85,10400,5824,931.84,715,433.5,242.67,38.83,0
777140500920,496833,YU000561,1,RU121366,5,1,20190502,20190502,2019-05-08,17155.85,10400,5824,931.84,715,433.5,242.67,38.83,0
772090700998,496847,YU000206,4,RU121242,5,1,20190503,20190503,2019-05-10,14128.4,9500,3990,638.4,785,527.86,221.67,35.47,0
777020201350,496848,YU000554,1,RU121335,5,2,20190503,20190503,2019-05-08,14128.4,9500,3990,638.4,785,527.86,221.67,35.47,0
774941000849,496849,YU000646,1,RU121977,5,1,20190503,20190503,2019-05-08,15466.88,10400,4368,698.88,860,578.5,242.67,38.83,0
777910400511,496851,YU000227,3,RU121171,5,1,20190503,20190503,2019-05-10,17155.84,10400,5824,931.84,715,433.5,242.67,38.83,0
778980100708,496853,YU000498,2,RU122510,5,1,20190503,20190503,2019-05-08,14128.4,9500,3990,638.4,785,527.86,221.67,35.47,0
777140903633,496942,YU000640,1,RU121909,5,1,20190506,20190506,2019-05-10,15466.88,10400,4368,698.88,860,578.5,242.67,38.83,0
777110202061,496943,YU000602,1,RU121614,5,1,20190506,20190506,2019-05-10,14128.4,9500,3990,638.4,785,527.86,221.67,35.47,0
778990800317,496944,YU000399,2,RU121862,5,2,20190506,20190506,2019-05-10,14128.4,9500,3990,638.4,785,527.86,221.67,35.47,0
772850500862,496997,YU000211,4,RU121205,5,2,20190507,20190507,2019-05-14,16952.94,10277,5755.12,920.819,707,428.83,239.8,38.37,0
776080104471,496998,YU000651,1,RU121958,5,1,20190507,20190507,2019-05-10,12046.32,8100,3402,544.32,670,450.76,189,30.24,0
776120801382,497002,YU000597,1,RU121589,5,1,20190507,20190507,2019-05-14,12046.32,8100,3402,544.32,670,450.76,189,30.24,0
776090604081,497030,YU000593,1,RU121580,5,1,20190508,20190508,2019-05-14,14128.4,9500,3990,638.4,785,527.86,221.67,35.47,0
777070900666,497032,YU000671,1,RU122047,5,1,20190508,20190508,2019-05-14,12046.32,8100,3402,544.32,670,450.76,189,30.24,0
774961201298,497033,YU000044,2,RU121934,5,2,20190508,20190508,2019-05-14,17155.85,10400,5824,931.84,715,433.5,242.67,38.83,0
772050501062,497034,YU000624,1,RU121815,5,2,20190508,20190508,2019-05-14,14128.4,9500,3990,638.4,785,527.86,221.67,35.47,0
772890200730,497046,YU000175,3,RU121206,5,1,20190508,20190508,2019-05-14,14128.4,9500,3990,638.4,785,527.86,221.67,35.47,0
773101202100,497047,YU000639,1,RU121898,5,1,20190508,20190508,,18145.54,11000,6159.98,985.597,757,459.26,256.67,41.07,0
774941000733,497050,YU000647,1,RU121987,5,2,20190508,20190508,2019-05-14,12046.32,8100,3402,544.32,670,450.76,189,30.24,0
779000855992,497103,YU000674,1,RU122053,5,2,20190509,20190509,,9964.24,6700,2814,450.24,554,372.66,156.33,25.01,0
774020203183,497206,YU000003,4,RU121172,5,2,20190510,20190510,,14128.4,9500,3990,638.4,785,527.86,221.67,35.47,0
777130401079,497207,YU000685,1,RU122207,5,1,20190510,20190510,2019-05-14,12046.32,8100,3402,544.32,670,450.76,189,30.24,0
777150303227,497292,YU000609,1,RU121960,5,1,20190514,20190514,,15466.88,10400,4368,698.88,860,578.5,242.67,38.83,0
771071103800,497329,YU000606,1,RU121667,5,1,20190514,20190514,,12046.32,8100,3402,544.32,670,450.76,189,30.24,0
777140102916,497332,YU000136,5,RU122747,5,1,20190514,20190514,,14128.4,9500,3990,638.4,785,527.86,221.67,35.47,0
772980805398,497343,YU000700,1,RU122146,5,1,20190514,20190514,,15466.88,10400,4368,698.88,860,578.5,242.67,38.83,0
